Date,Strategy,Reference
2022-03-14 06:30:00,0.0,0.0
2022-03-14 06:31:00,0.0,0.0006880555924011489
2022-03-14 06:32:00,0.0,-0.0010675975702363338
2022-03-14 06:33:00,0.0,-0.002348787058559898
2022-03-14 06:34:00,0.0,-0.0027046529153053056
2022-03-14 06:35:00,0.0,-0.0036536526679730175
2022-03-14 06:36:00,0.0,-0.002844682328722592
2022-03-14 06:37:00,0.0,-0.0022776138872108165
2022-03-14 06:38:00,0.0,-0.0049110936311670406
2022-03-14 06:39:00,0.0,-0.004151937271456796
2022-03-14 06:40:00,0.0,-0.003321535336357484
2022-03-14 06:41:00,0.0,-0.0035350548504047286
2022-03-14 06:42:00,0.0,-0.003321535336357373
2022-03-14 06:43:00,0.0,-0.0018742509802057716
2022-03-14 06:44:00,0.0,-0.00018977098891759248
2022-03-14 06:45:00,0.0,-0.00018977098891759248
2022-03-14 06:46:00,0.0,-0.000403290502964726
2022-03-14 06:47:00,0.0,-0.0010673803581162655
2022-03-14 06:48:00,0.0,-0.0004507875532241412
2022-03-14 06:49:00,0.0,-0.0008778265813188524
2022-03-14 06:50:00,0.0,4.7497050259304174e-05
2022-03-14 06:51:00,0.0,-0.0001660224637879404
2022-03-14 06:52:00,0.0,-0.0004507875532241412
2022-03-14 06:53:00,0.0,-0.0008778265813188524
2022-03-14 06:54:00,0.0,-0.0006405585421418447
2022-03-14 06:55:00,0.0,-9.484929243874785e-05
2022-03-14 06:56:00,0.0,-0.001518385123460697
2022-03-14 06:57:00,0.0,-0.0014947090023711418
2022-03-14 06:58:00,0.0,-0.0009252512275385039
2022-03-14 06:59:00,-9.000396728520155e-05,-0.0003796143818756148
2022-03-14 07:00:00,0.0003399963378907245,-0.0015338071839873235
2022-03-14 07:01:00,-0.00037000274658205434,-0.00016631207994854957
2022-03-14 07:02:00,-0.000860000610351519,0.001065280640954791
2022-03-14 07:03:00,-0.0005698013305663885,0.0002017176555220157
2022-03-14 07:04:00,-0.0005299987792968253,-0.0010201729240174595
2022-03-14 07:05:00,-0.0005299987792968253,-0.0007117317134913703
2022-03-14 07:06:00,0.0005982971191407227,-0.0005456368456635552
2022-03-14 07:07:00,0.0006669982910156858,0.0009727482777968088
2022-03-14 07:08:00,0.0006545196533203068,0.0016845523953277208
2022-03-14 07:09:00,0.000985958862304681,0.0020166697269434763
2022-03-14 07:10:00,0.0009130004882813569,0.0019217480304649648
2022-03-14 07:11:00,0.0014436950683593963,0.0030368426509603808
2022-03-14 07:12:00,0.0018549957275391105,0.003487630204184633
2022-03-14 07:13:00,0.0017064971923828054,0.003962166282538426
2022-03-14 07:14:00,0.0018939971923828125,0.0034402055579652036
2022-03-14 07:15:00,0.0012279968261719176,0.003653725072012337
2022-03-14 07:16:00,0.0005529968261719365,0.0034636644669348016
2022-03-14 07:17:00,0.0015733612060546687,0.003025040792435485
2022-03-14 07:18:00,0.0017169982910156811,0.002799647015823359
2022-03-14 07:19:00,0.0010569946289062937,0.0027284738444743883
2022-03-14 07:20:00,0.0006309997558593405,0.0024912058052974917
2022-03-14 07:21:00,9.796142578122335e-05,0.0026098036228661137
2022-03-14 07:22:00,0.00011499938964854017,0.0032978592152672626
2022-03-14 07:23:00,0.00011499938964854017,0.0032503621650077363
2022-03-14 07:24:00,0.00011499938964854017,0.0038672445860596927
2022-03-14 07:25:00,0.00011499938964854017,0.004518301714005801
2022-03-14 07:26:00,0.00011499938964854017,0.003914741636319219
2022-03-14 07:27:00,0.00011499938964854017,0.0032978592152670405
2022-03-14 07:28:00,0.00011499938964854017,0.003060591176090144
2022-03-14 07:29:00,0.00011499938964854017,0.003084339701219907
2022-03-14 07:30:00,-0.0005930603027344272,0.0023488594625993287
2022-03-14 07:31:00,-0.000533007812499986,0.00251488192638738
2022-03-14 07:32:00,-9.300537109380169e-05,0.0018031502128963428
2022-03-14 07:33:00,-4.600830078127505e-05,0.0015896306988489872
2022-03-14 07:34:00,-0.00043280334472661774,0.0023488594625993287
2022-03-14 07:35:00,-0.0004330093383788647,0.0026098036228658916
2022-03-14 07:36:00,-0.0004530059814452647,0.0027047253193446252
2022-03-14 07:37:00,-0.0007830078124999584,0.003630266163042961
2022-03-14 07:38:00,-0.0005266067504883232,0.0029170863687515425
2022-03-14 07:39:00,-0.0007130081176758285,0.0034164570328356625
2022-03-14 07:40:00,-0.0006530029296875073,0.0031317643474391144
2022-03-14 07:41:00,-0.0005822097778320767,0.0031080158223095733
2022-03-14 07:42:00,-0.0006130096435547072,0.0032978592152670405
2022-03-14 07:43:00,-0.00091300506591796,0.0041282611503663524
2022-03-14 07:44:00,-0.0003000061035156598,0.003119890084874344
2022-03-14 07:45:00,-0.00025320739746093057,0.002965669479611188
2022-03-14 07:46:00,-0.00035300750732425445,0.0034402055579652036
2022-03-14 07:47:00,-0.0007130081176758285,0.004318032139283945
2022-03-14 07:48:00,-0.0007130081176758285,0.003772322889580959
2022-03-14 07:49:00,-0.0007130081176758285,0.003748646768491515
2022-03-14 07:50:00,-0.0007130081176758285,0.0035825519006635886
2022-03-14 07:51:00,-0.0007130081176758285,0.004828118601292619
2022-03-14 07:52:00,-0.0007130081176758285,0.00583648966678485
2022-03-14 07:53:00,-0.0007130081176758285,0.005883914313004057
2022-03-14 07:54:00,-0.0007130081176758285,0.005860165787874294
2022-03-14 07:55:00,-0.0007130081176758285,0.006168606998400161
2022-03-14 07:56:00,-0.0007130081176758285,0.005622897748697175
2022-03-14 07:57:00,-0.0007340103149413579,0.00540937823464982
2022-03-14 07:58:00,-0.0006800125122070622,0.005599221627607509
2022-03-14 07:59:00,-0.00041000518798828267,0.0067024419855383766
2022-03-14 08:00:00,-0.0010640121459960517,0.005907662838133376
2022-03-14 08:01:00,-0.0009770095825195613,0.006149130311632112
2022-03-14 08:02:00,-0.0011690048217773974,0.0058482915253090795
2022-03-14 08:03:00,-0.0011690048217773974,0.005575473102477524
2022-03-14 08:04:00,-0.0011690048217773974,0.005907662838133376
2022-03-14 08:05:00,-0.0011690048217773974,0.005955087484352584
2022-03-14 08:06:00,-0.0011690048217773974,0.005532754718859945
2022-03-14 08:07:00,-0.0011690048217773974,0.005907662838133154
2022-03-14 08:08:00,-0.0011690048217773974,0.005314528942210739
2022-03-14 08:09:00,-0.0011690048217773974,0.005077260903033842
2022-03-14 08:10:00,-0.0011690048217773974,0.0046976465211587826
2022-03-14 08:11:00,-0.0011690048217773974,0.004721395046288546
2022-03-14 08:12:00,-0.0011690048217773974,0.0042706074930642934
2022-03-14 08:13:00,-0.0009429992675781262,0.0038434960609297075
2022-03-14 08:14:00,-0.0009597991943359752,0.0038434960609297075
2022-03-14 08:15:00,-0.0010968002319335923,0.004318032139283501
2022-03-14 08:16:00,-0.0010790008544921958,0.004199434321715101
2022-03-14 08:17:00,-0.0012889999389648077,0.004543425915895627
2022-03-14 08:18:00,-0.0010790008544921958,0.004151937271455575
2022-03-14 08:19:00,-0.0011290039062500368,0.004057087979016938
2022-03-14 08:20:00,-0.0006548065185546514,0.0030605911760896998
2022-03-14 08:21:00,-0.00036560668945317953,0.00256237897664624
2022-03-14 08:22:00,-0.00025900115966792647,0.0024437087550377434
2022-03-14 08:23:00,-0.0004990066528319792,0.0028708201871725514
2022-03-14 08:24:00,-0.0003390029907226477,0.002467674492287797
2022-03-14 08:25:00,-0.0003393997192382425,0.0024674572801675065
2022-03-14 08:26:00,-0.00021900024414067687,0.002277686291250136
2022-03-14 08:27:00,-0.00012900390625003588,0.0020166697269434763
2022-03-14 08:28:00,-5.900421142579493e-05,0.0016608038701981798
2022-03-14 08:29:00,-0.00011360015869144036,0.0018505748591157722
2022-03-14 08:30:00,5.099639892569563e-05,0.0015422060526297798
2022-03-14 08:31:00,6.997680664033723e-06,0.001684552395328165
2022-03-14 08:32:00,-0.0001590026855469162,0.002087842898292891
2022-03-14 08:33:00,-3.8999938964834335e-05,0.0017201027789826018
2022-03-14 08:34:00,-0.00018900146484379654,0.0019929212018141573
2022-03-14 08:35:00,-1.9003295898434303e-05,0.0015777564362844387
2022-03-14 08:36:00,0.00022099456787105787,0.0009846225403620235
2022-03-14 08:37:00,0.0005837951660156993,4.749705025908213e-05
2022-03-14 08:38:00,0.0006410003662109531,7.117317134874845e-05
2022-03-14 08:39:00,0.0005209976196289823,0.0003914886444396082
2022-03-14 08:40:00,0.0006609970092772421,9.492169647851156e-05
2022-03-14 08:41:00,0.0007309967041015941,-7.117317134941459e-05
2022-03-14 08:42:00,0.0009009948730469564,-0.0006310736128981587
2022-03-14 08:43:00,0.001300996398925891,-0.0019454241515552972
2022-03-14 08:44:00,0.0011481948852538615,-0.0016963542538535048
2022-03-14 08:45:00,0.0013007980346679826,-0.0019454241515552972
2022-03-14 08:46:00,0.0012409988403321304,-0.0018861252427709863
2022-03-14 08:47:00,0.0013499999999999623,-0.002325038533430468
2022-03-14 08:48:00,0.0016015945434570966,-0.00309708281226595
2022-03-14 08:49:00,0.001640794372558485,-0.0032266136398788614
2022-03-14 08:50:00,0.00140279541015631,-0.0028235403490340927
2022-03-14 08:51:00,0.001370996093750021,-0.0025385580474777125
2022-03-14 08:52:00,0.001499993896484364,-0.0029893456007019648
2022-03-14 08:53:00,0.0011830001831054648,-0.002040345848034142
2022-03-14 08:54:00,0.00128099975585938,-0.002182692190732083
2022-03-14 08:55:00,0.0015809951782226328,-0.0029419209544824243
2022-03-14 08:56:00,0.0015009933471679116,-0.0027046529153055276
2022-03-14 08:57:00,0.0015909973144532241,-0.0029419209544824243
2022-03-14 08:58:00,0.0015009933471679116,-0.0028930482274623914
2022-03-14 08:59:00,0.0013809982299803902,-0.0024437087550387426
2022-03-14 09:00:00,0.0014829956054687177,-0.0029419209544824243
2022-03-14 09:01:00,0.001571000671386713,-0.0032266136398787504
2022-03-14 09:02:00,0.0017663970947265906,-0.0037723228895817362
2022-03-14 09:03:00,0.0018809982299805572,-0.0038434960609308177
2022-03-14 09:04:00,0.0020609985351562887,-0.00441288143172347
2022-03-14 09:05:00,0.002232400512695243,-0.00441288143172347
2022-03-14 09:06:00,0.00214100036621101,-0.004270535089025085
2022-03-14 09:07:00,0.0020809951782225777,-0.004246786563895322
2022-03-14 09:08:00,0.002160997009277299,-0.004555227774421411
2022-03-14 09:09:00,0.002540994262695273,-0.0053382050633015155
2022-03-14 09:10:00,0.002540994262695273,-0.005361881184391293
2022-03-14 09:11:00,0.0022609954833985313,-0.004721322642249559
2022-03-14 09:12:00,0.0024809967041015124,-0.0054805514059996785
2022-03-14 09:13:00,0.0024319961547851765,-0.005575400698438648
2022-03-14 09:14:00,0.0022519454956053675,-0.005817230192137535
2022-03-14 09:15:00,0.0019260040283202162,-0.005788992616525768
2022-03-14 09:16:00,0.0014350082397460717,-0.005551724577348982
2022-03-14 09:17:00,0.0012861572265625565,-0.005006015327645885
2022-03-14 09:18:00,0.001326158142089806,-0.005124685549254382
2022-03-14 09:19:00,0.0009659591674804346,-0.004199361917676336
2022-03-14 09:20:00,0.000946160888671832,-0.004863668984947611
2022-03-14 09:21:00,0.000946160888671832,-0.004911093631167152
2022-03-14 09:22:00,0.000946160888671832,-0.004294283614154848
2022-03-14 09:23:00,0.000946160888671832,-0.004389132906593707
2022-03-14 09:24:00,0.000946160888671832,-0.004175613392546573
2022-03-14 09:25:00,0.000946160888671832,-0.004033556666008575
2022-03-14 09:26:00,0.000946160888671832,-0.004697574117120018
2022-03-14 09:27:00,0.000946160888671832,-0.004317959735244847
2022-03-14 09:28:00,0.000946160888671832,-0.00429428361415507
2022-03-14 09:29:00,0.000946160888671832,-0.003985842403629092
2022-03-14 09:30:00,0.000946160888671832,-0.0036774011931030026
2022-03-14 09:31:00,0.000946160888671832,-0.003606228021754143
2022-03-14 09:32:00,0.000946160888671832,-0.003606228021754143
2022-03-14 09:33:00,0.000946160888671832,-0.004365456785504485
2022-03-14 09:34:00,0.000946160888671832,-0.004365456785504485
2022-03-14 09:35:00,0.000946160888671832,-0.005172110195474144
2022-03-14 09:36:00,0.000946160888671832,-0.004246786563895877
2022-03-14 09:37:00,0.000946160888671832,-0.004365456785504485
2022-03-14 09:38:00,0.000946160888671832,-0.004317959735245069
2022-03-14 09:39:00,0.0009841617584227524,-0.004317959735245069
2022-03-14 09:40:00,0.0007941646575928551,-0.0038909207071505802
2022-03-14 09:41:00,0.0007751605987549315,-0.003748574364452306
2022-03-14 09:42:00,0.0006041675567627358,-0.00334528386148758
2022-03-14 09:43:00,0.0006421611785889514,-0.0037723228895820693
2022-03-14 09:44:00,0.0006421611785889514,-0.004745071167379655
2022-03-14 09:45:00,0.0006421611785889514,-0.005290708013042655
2022-03-14 09:46:00,0.0006421611785889514,-0.005336539770381399
2022-03-14 09:47:00,0.0006421611785889514,-0.006476975804887375
2022-03-14 09:48:00,0.0006421611785889514,-0.006358377987318864
2022-03-14 09:49:00,0.0005454521179200089,-0.006144351644991275
2022-03-14 09:50:00,0.0006993473052978594,-0.006500724330017027
2022-03-14 09:51:00,0.000670660018920799,-0.006453299683797709
2022-03-14 09:52:00,0.0010791603088378121,-0.00744972408268485
2022-03-14 09:53:00,0.0013985473632811551,-0.008066606503736917
2022-03-14 09:54:00,0.0014241977691651364,-0.008351299189133243
2022-03-14 09:55:00,0.001430662918090908,-0.008327550664003591
2022-03-14 09:56:00,0.0012881614685058551,-0.007817464201994917
2022-03-14 09:57:00,0.0011844219207763906,-0.007473472607814391
2022-03-14 09:58:00,0.0011741588592528718,-0.007497221132944154
2022-03-14 09:59:00,0.0015344024658203725,-0.008564818703180377
2022-03-14 10:00:00,0.0015161594390868949,-0.008256377492654399
2022-03-14 10:01:00,0.0017251605987549379,-0.008778338217227732
2022-03-14 10:02:00,0.0016301620483398782,-0.008469897006701754
2022-03-14 10:03:00,0.0018391632080079212,-0.009158169811223082
2022-03-14 10:04:00,0.0020101634979248217,-0.009561315506107837
2022-03-14 10:05:00,0.0018771568298339147,-0.009181701124232666
2022-03-14 10:06:00,0.0017063522338867099,-0.008707165045878651
2022-03-14 10:07:00,0.0016586608886719478,-0.00856481870318071
2022-03-14 10:08:00,0.0019341617584227588,-0.009252874295581859
2022-03-14 10:09:00,0.00216197128295903,-0.009665215303550245
2022-03-14 10:10:00,0.0019721626281739013,-0.009490142334758866
2022-03-14 10:11:00,0.0018579715728759272,-0.009181701124232777
2022-03-14 10:12:00,0.0018106571197509247,-0.009122402215448466
2022-03-14 10:13:00,0.0019273197174072276,-0.009324264679051009
2022-03-14 10:14:00,0.0018011623382567787,-0.008849511388577036
2022-03-14 10:15:00,0.0017536594390870075,-0.008991857731275088
2022-03-14 10:16:00,0.001561567687988319,-0.008564818703180821
2022-03-14 10:17:00,0.0015541603088378153,-0.008944433085055992
2022-03-14 10:18:00,0.0015541603088378153,-0.008612315753440236
2022-03-14 10:19:00,0.0015541603088378153,-0.00818520432130565
2022-03-14 10:20:00,0.0015541603088378153,-0.008351299189133465
2022-03-14 10:21:00,0.0015541603088378153,-0.008730913571008636
2022-03-14 10:22:00,0.0015541603088378153,-0.009395220638280133
2022-03-14 10:23:00,0.0015541603088378153,-0.009347795992060481
2022-03-14 10:24:00,0.0015541603088378153,-0.008351299189133354
2022-03-14 10:25:00,0.0015541603088378153,-0.008707165045878651
2022-03-14 10:26:00,0.0015541603088378153,-0.009207042538243004
2022-03-14 10:27:00,0.0015541603088378153,-0.009205449649362318
2022-03-14 10:28:00,0.0015541603088378153,-0.009727337969895555
2022-03-14 10:29:00,0.0015541603088378153,-0.009656164798546474
2022-03-14 10:30:00,0.0013451591491699944,-0.009205449649362207
2022-03-14 10:31:00,0.0016487819671631154,-0.009846008191504052
2022-03-14 10:32:00,0.0018138896942139215,-0.010273047219598541
2022-03-14 10:33:00,0.0018752578735352632,-0.01100852745821912
2022-03-14 10:34:00,0.001649158859252875,-0.010415393562296815
2022-03-14 10:35:00,0.0018486579895018451,-0.010961102811999801
2022-03-14 10:36:00,0.00206697273254397,-0.011698972383941353
2022-03-14 10:37:00,0.0019816574096680473,-0.011696583050620268
2022-03-14 10:38:00,0.0021051620483398814,-0.012052448907365787
2022-03-14 10:39:00,0.0019531585693359776,-0.011910102564667513
2022-03-14 10:40:00,0.0020481571197510373,-0.01226596842141281
2022-03-14 10:41:00,0.0018203475952147663,-0.011732133434274816
2022-03-14 10:42:00,0.0018866588592529876,-0.01188635403953775
2022-03-14 10:43:00,0.001649158859252875,-0.01126954402252578
2022-03-14 10:44:00,0.0017723545074463942,-0.011625409879271187
2022-03-14 10:45:00,0.0018212589263915113,-0.011127197679827394
2022-03-14 10:46:00,0.00156215934753412,-0.01183892939331832
2022-03-14 10:47:00,0.0015861553192138,-0.012384638643021306
2022-03-14 10:48:00,0.0017931560516357692,-0.012194795250063617
2022-03-14 10:49:00,0.0016731578826905125,-0.012384638643021195
2022-03-14 10:50:00,0.002099161911010672,-0.011530488182792231
2022-03-14 10:51:00,0.0021261608123779308,-0.01141189036522361
2022-03-14 10:52:00,0.0024381542205811346,-0.010344220390947512
2022-03-14 10:53:00,0.002567161178588906,-0.010083276230680949
2022-03-14 10:54:00,0.002093156051635736,-0.010510315258775438
2022-03-14 10:55:00,0.002150156784057611,-0.009842170777382364
2022-03-14 10:56:00,0.002096158981323315,-0.010071401968116178
2022-03-14 10:57:00,0.00194621391296379,-0.010913605761740386
2022-03-14 10:58:00,0.002054154586792034,-0.011127197679827616
2022-03-14 10:59:00,0.0017517009735108502,-0.011340717193874972
2022-03-14 11:00:00,0.0015682201385498473,-0.01157798523305198
2022-03-14 11:01:00,0.0016371593475341673,-0.011293220143615668
2022-03-14 11:02:00,0.0016371593475341673,-0.011649158404401061
2022-03-14 11:03:00,0.0016371593475341673,-0.011862677918448306
2022-03-14 11:04:00,0.0016371593475341673,-0.01157798523305209
2022-03-14 11:05:00,0.0016371593475341673,-0.010700086247693252
2022-03-14 11:06:00,0.0016371593475341673,-0.010913605761740497
2022-03-14 11:07:00,0.0016371593475341673,-0.010723834772822904
2022-03-14 11:08:00,0.0016371593475341673,-0.010344220390947734
2022-03-14 11:09:00,0.0016371593475341673,-0.010723834772822793
2022-03-14 11:10:00,0.0019371593475341342,-0.010866181115520956
2022-03-14 11:11:00,0.0018861644744871953,-0.010818756469301416
2022-03-14 11:12:00,0.0021831615447998054,-0.010818756469301416
2022-03-14 11:13:00,0.002045164108276376,-0.011103449154697964
2022-03-14 11:14:00,0.0023211589813232347,-0.010818756469301638
2022-03-14 11:15:00,0.0022551586151122738,-0.01157798523305198
2022-03-14 11:16:00,0.002399161911010639,-0.01181518086818889
2022-03-14 11:17:00,0.002317258834838798,-0.011862677918448306
2022-03-14 11:18:00,0.0019661617279052024,-0.012171119128974395
2022-03-14 11:19:00,0.002026663589477451,-0.012147370603844632
2022-03-14 11:20:00,0.001796973419189385,-0.012147370603844632
2022-03-14 11:21:00,0.0017534751892089862,-0.012432280501361026
2022-03-14 11:22:00,0.0014775241851807674,-0.011791504747099224
2022-03-14 11:23:00,0.0018016586303710724,-0.012977772538944055
2022-03-14 11:24:00,0.0018016586303710724,-0.01293027548868464
2022-03-14 11:25:00,0.001906159210204983,-0.013143795002731773
2022-03-14 11:26:00,0.0015071609497070426,-0.012313465471672447
2022-03-14 11:27:00,0.001687663269043016,-0.012716755974637395
2022-03-14 11:28:00,0.0017351589202880824,-0.012811677671116128
2022-03-14 11:29:00,0.0018491615295410657,-0.01326246522434027
2022-03-14 11:30:00,0.001611661529540953,-0.012645582803288091
2022-03-14 11:31:00,0.001478662109374973,-0.012384638643021417
2022-03-14 11:32:00,0.0015071609497070426,-0.012574409631938788
2022-03-14 11:33:00,0.0014976589202881918,-0.012574409631938788
2022-03-14 11:34:00,0.0014976589202881918,-0.011803306605623676
2022-03-14 11:35:00,0.0014976589202881918,-0.011672834525490283
2022-03-14 11:36:00,0.0014976589202881918,-0.011100335780976578
2022-03-14 11:37:00,0.0014976589202881918,-0.010628913076343949
2022-03-14 11:38:00,0.0014976589202881918,-0.01094922854943492
2022-03-14 11:39:00,0.0014976589202881918,-0.011222046972266364
2022-03-14 11:40:00,0.0014976589202881918,-0.011696583050620268
2022-03-14 11:41:00,0.0014976589202881918,-0.012028700382236024
2022-03-14 11:42:00,0.0014976589202881918,-0.011459315011443372
2022-03-14 11:43:00,0.0014976589202881918,-0.012028700382236024
2022-03-14 11:44:00,0.0014976589202881918,-0.01188635403953775
2022-03-14 11:45:00,0.0014976589202881918,-0.01246768607693538
2022-03-14 11:46:00,0.0014976589202881918,-0.012479487935460165
2022-03-14 11:47:00,0.0014976589202881918,-0.01218060405821797
2022-03-14 11:48:00,0.0014976589202881918,-0.012550661106809025
2022-03-14 11:49:00,0.0014976589202881918,-0.012550661106809025
2022-03-14 11:50:00,0.0013656089782714265,-0.012384638643021306
2022-03-14 11:51:00,0.001345662689208993,-0.012265968421412587
2022-03-14 11:52:00,0.0013433795928954329,-0.012194795250063617
2022-03-14 11:53:00,0.0011556583404541687,-0.011506739657662468
2022-03-14 11:54:00,0.0009021984100341385,-0.010700086247692697
2022-03-14 11:55:00,0.0010726642608642756,-0.010249298694468556
2022-03-14 11:56:00,0.001117662429809485,-0.010581488430124297
2022-03-14 11:57:00,0.0009136646270750948,-0.01098485133712912
2022-03-14 11:58:00,0.000754664993286136,-0.010913605761739942
2022-03-14 11:59:00,0.0006976642608642614,-0.010367968916076942
2022-03-14 12:00:00,0.0003726428985595387,-0.010937354286869594
2022-03-14 12:01:00,0.00040966682434073753,-0.009679913323675793
2022-03-14 12:02:00,0.00040966682434073753,-0.008688195187390502
2022-03-14 12:03:00,0.00040966682434073753,-0.009300298941800511
2022-03-14 12:04:00,0.00040966682434073753,-0.009205449649361985
2022-03-14 12:05:00,0.00040966682434073753,-0.00984600819150383
2022-03-14 12:06:00,0.00040966682434073753,-0.009751086495025096
2022-03-14 12:07:00,0.00040966682434073753,-0.01072405198494264
2022-03-14 12:08:00,0.00040966682434073753,-0.011269544022525668
2022-03-14 12:09:00,0.00040966682434073753,-0.01100852745821912
2022-03-14 12:10:00,0.00040966682434073753,-0.010273047219598541
2022-03-14 12:11:00,0.00040966682434073753,-0.009632488677456696
2022-03-14 12:12:00,0.00040966682434073753,-0.009513818455848422
2022-03-14 12:13:00,0.00040966682434073753,-0.00944264528449923
2022-03-14 12:14:00,0.00040966682434073753,-0.009252874295581748
2022-03-14 12:15:00,0.00040966682434073753,-0.009846008191504163
2022-03-14 12:16:00,0.00040966682434073753,-0.008659740399659333
2022-03-14 12:17:00,0.00040966682434073753,-0.008778338217227732
2022-03-14 12:18:00,0.00040966682434073753,-0.009537566980977963
2022-03-14 12:19:00,0.00040966682434073753,-0.00977483502015497
2022-03-14 12:20:00,0.00040966682434073753,-0.009442210860258982
2022-03-14 12:21:00,0.00040966682434073753,-0.009822259666374289
2022-03-14 12:22:00,0.00040966682434073753,-0.009632488677456696
2022-03-14 12:23:00,0.00040966682434073753,-0.0092766228207114
2022-03-14 12:24:00,0.00040966682434073753,-0.008659740399659444
2022-03-14 12:25:00,0.00040966682434073753,-0.009027480518969622
2022-03-14 12:26:00,0.00040966682434073753,-0.009561532718227905
2022-03-14 12:27:00,0.00040966682434073753,-0.009893432837723481
2022-03-14 12:28:00,0.00040966682434073753,-0.009561315506107948
2022-03-14 12:29:00,0.00040966682434073753,-0.010249298694469
2022-03-14 12:30:00,0.00040966682434073753,-0.011008527458219342
2022-03-14 12:31:00,0.0007328590393065326,-0.011862677918448417
2022-03-14 12:32:00,0.0008299449920654567,-0.012242292300323587
2022-03-14 12:33:00,0.0009701633453369496,-0.012479487935460498
2022-03-14 12:34:00,0.0008941688537598136,-0.012242292300323476
2022-03-14 12:35:00,0.000998669433593724,-0.01257440963193901
2022-03-14 12:36:00,0.0011696624755859197,-0.012823551933680899
2022-03-14 12:37:00,0.0010556671142578633,-0.012550661106809247
2022-03-14 12:38:00,0.0010936679840087837,-0.012598158157068662
2022-03-14 12:39:00,0.0006944740295409257,-0.011506739657662912
2022-03-14 12:40:00,0.0005616630554199364,-0.011032275983349105
2022-03-14 12:41:00,0.0006186679840087805,-0.01136439331496475
2022-03-14 12:42:00,0.0005804786682128693,-0.01129322014361589
2022-03-14 12:43:00,0.0007611694335938335,-0.011744007696840142
2022-03-14 12:44:00,0.00025766334533683377,-0.010415393562297148
2022-03-14 12:45:00,0.00027666740417475744,-0.01112719767982795
2022-03-14 12:46:00,0.00027666740417475744,-0.011150873800917727
2022-03-14 12:47:00,0.00027666740417475744,-0.009964606009072896
2022-03-14 12:48:00,0.00027666740417475744,-0.010474692471081237
2022-03-14 12:49:00,0.00027666740417475744,-0.010771259419042445
2022-03-14 12:50:00,0.00027666740417475744,-0.01200502426114658
2022-03-14 12:51:00,0.00027666740417475744,-0.011791504747099557
2022-03-14 12:52:00,0.0003066692352295952,-0.011530488182792897
2022-03-14 12:53:00,0.0005796703338623033,-0.011993149998582031
2022-03-14 12:54:00,0.001167667770385794,-0.011767756221969905
2022-03-14 12:55:00,0.0011496765136718157,-0.010889929640651164
2022-03-14 12:56:00,0.0005731800079344929,-0.01017812552312014
2022-03-14 12:57:00,0.0009171695709229155,-0.010439142087426911
2022-03-14 12:58:00,0.0006926719665527603,-0.010581488430125185
2022-03-14 12:59:00,0.0006866752624512529,-0.010534063783905645
2022-03-15 06:30:00,0.0006866752624512529,-0.0027758260866553863
2022-03-15 06:31:00,0.0006866752624512529,-0.002586055097737905
2022-03-15 06:33:00,0.0006866752624512529,-0.0014234634269828517
2022-03-15 06:34:00,0.0006866752624512529,-0.0019691726766858375
2022-03-15 06:35:00,0.0006866752624512529,-0.0016844799912895114
2022-03-15 06:36:00,0.0006866752624512529,-0.0019691726766858375
2022-03-15 06:37:00,0.0006866752624512529,-0.003036842650962157
2022-03-15 06:38:00,0.0006866752624512529,-0.003463664466936467
2022-03-15 06:39:00,0.0006866752624512529,-0.0032503621650095127
2022-03-15 06:40:00,0.0006866752624512529,-0.003013094125832505
2022-03-15 06:41:00,0.0006866752624512529,-0.004555517390582686
2022-03-15 06:42:00,0.0006866752624512529,-0.00609736142301287
2022-03-15 06:43:00,0.0006866752624512529,-0.006975260408371486
2022-03-15 06:44:00,0.0006866752624512529,-0.00692776335811196
2022-03-15 06:45:00,0.0006866752624512529,-0.006761668490284256
2022-03-15 06:46:00,0.0006866752624512529,-0.006915889095547079
2022-03-15 06:47:00,0.0006866752624512529,-0.006073685301922982
2022-03-15 06:48:00,0.0006866752624512529,-0.006299079078535219
2022-03-15 06:49:00,0.0006866752624512529,-0.0056470806980688515
2022-03-15 06:50:00,0.0006866752624512529,-0.005670322394918381
2022-03-15 06:51:00,0.0006866752624512529,-0.004922750681612742
2022-03-15 06:52:00,0.0006866752624512529,-0.0050297638527765365
2022-03-15 06:53:00,0.0006866752624512529,-0.004578976299552395
2022-03-15 06:54:00,0.0006866752624512529,-0.0053718729419164335
2022-03-15 06:55:00,0.0006866752624512529,-0.004151937271457795
2022-03-15 06:56:00,0.0006866752624512529,-0.003321535336358483
2022-03-15 06:57:00,0.0006866752624512529,-0.0029419209544834235
2022-03-15 06:58:00,0.0006866752624512529,-0.0023962117047804377
2022-03-15 06:59:00,0.0006866752624512529,-0.0026572282690870974
2022-03-15 07:00:00,0.0006866752624512529,-0.001874250980207104
2022-03-15 07:01:00,0.0011890256881714745,-0.0026097312188277932
2022-03-15 07:02:00,-0.0006089756488799614,-0.0038432788488118597
2022-03-15 07:03:00,-0.001382971858978288,-0.002467384876129519
2022-03-15 07:04:00,0.0012225256562232723,-0.001613306819940541
2022-03-15 07:05:00,0.003604024147987328,-0.001613306819940541
2022-03-15 07:06:00,0.003519864213466617,-0.002728401440436179
2022-03-15 07:07:00,0.005899345672130574,-0.0035350548504058388
2022-03-15 07:08:00,0.0041623404264450325,-0.0030842672971815865
2022-03-15 07:09:00,0.0012383952856063196,-0.0034638816790567573
2022-03-15 07:10:00,0.0015568429112433613,-0.004341708260375499
2022-03-15 07:11:00,0.0006941347002982212,-0.005338205063302737
2022-03-15 07:12:00,0.0003988440155981987,-0.005314456538172974
2022-03-15 07:13:00,0.0006883437395095449,-0.0050297638527767585
2022-03-15 07:14:00,0.002604834258556288,-0.004816244338729625
2022-03-15 07:15:00,0.0025922841548919884,-0.004982266802517454
2022-03-15 07:16:00,0.007444843232631726,-0.0039146692322812315
2022-03-15 07:17:00,0.005902097141742724,-0.00429428361415618
2022-03-15 07:18:00,0.0014263344764708918,-0.0033924912955877184
2022-03-15 07:19:00,0.003674384880065995,-0.00266910253165209
2022-03-15 07:20:00,0.004058300864696607,-0.002586055097738127
2022-03-15 07:21:00,0.005743192577362111,-0.002443708755039853
2022-03-15 07:22:00,-0.0007360205888747862,-0.002443708755039853
2022-03-15 07:23:00,0.001303985488414705,-0.0019691726766858375
2022-03-15 07:24:00,0.0025927254438400382,-0.001209943912935607
2022-03-15 07:25:00,0.001948485636711128,-0.0012336924380652592
2022-03-15 07:26:00,0.005836007952690014,-0.00161330681994043
2022-03-15 07:27:00,0.005962831711769034,-0.000664307067272718
2022-03-15 07:28:00,0.005998483300209134,-0.00013047208013450273
2022-03-15 07:29:00,0.007829991507530165,0.0005934235120814702
2022-03-15 07:30:00,0.007746788382530179,0.0011032203579299793
2022-03-15 07:31:00,0.006611037075519466,0.002244452836876354
2022-03-15 07:32:00,0.007242456066608449,0.00217089033220641
2022-03-15 07:33:00,0.004330824768543184,0.0018505748591155502
2022-03-15 07:34:00,0.003465776681899957,0.0011602023374335246
2022-03-15 07:35:00,0.005353941798210249,0.001826898738026106
2022-03-15 07:36:00,0.005324986994266423,0.0019694622928443373
2022-03-15 07:37:00,0.005903986442089115,0.0021590160696418614
2022-03-15 07:38:00,0.0024647286176682215,0.0017319770415473723
2022-03-15 07:39:00,0.0013414685845374308,0.0018031502128963428
2022-03-15 07:40:00,0.0018509903073311573,0.0022065131199011656
2022-03-15 07:41:00,0.0018509903073311573,0.0013286141345425495
2022-03-15 07:42:00,0.0018509903073311573,0.0012337648421036906
2022-03-15 07:43:00,0.0020733819127083386,0.0017438513041121428
2022-03-15 07:44:00,0.0023549898266792546,0.001969245080724491
2022-03-15 07:45:00,0.0020399886250495047,0.0027521499655644988
2022-03-15 07:46:00,0.0022289929509162754,0.0026454264105608694
2022-03-15 07:47:00,0.0018824910283088414,0.001850357646995926
2022-03-15 07:48:00,0.0022289929509162754,0.0021825473826515562
2022-03-15 07:49:00,0.0022296238064765106,0.0024408849974772995
2022-03-15 07:50:00,0.0019769931912421157,0.00206409437316335
2022-03-15 07:51:00,0.0017564941525458622,0.0014709604772409346
2022-03-15 07:52:00,0.0018194895863532512,0.0009727482777972529
2022-03-15 07:53:00,0.0017879888653755671,0.0011386259335053328
2022-03-15 07:54:00,0.0022289929509162754,0.0013523626596725347
2022-03-15 07:55:00,0.0023234891057013485,0.0012337648421039127
2022-03-15 07:56:00,0.002176704037189392,0.0013049380134531052
2022-03-15 07:57:00,0.0020626693844796318,0.001138843145625179
2022-03-15 07:58:00,0.00193541079759596,0.0002017176555224598
2022-03-15 07:59:00,0.0023241199612618058,0.0006643070672713858
2022-03-15 08:00:00,0.0021974922299385913,0.000711804117530912
2022-03-15 08:01:00,0.0014463920712470824,0.0013286141345432156
2022-03-15 08:02:00,0.0014474947094917923,0.0013997873058921861
2022-03-15 08:03:00,0.0012674944043158387,0.001542206052630446
2022-03-15 08:04:00,0.0009074937939643757,0.0018980719093757425
2022-03-15 08:05:00,0.0009074937939643757,0.0015658821737201123
2022-03-15 08:06:00,0.0009074937939643757,0.001921748030465853
2022-03-15 08:07:00,0.0009074937939643757,0.001945496555595394
2022-03-15 08:08:00,0.0009074937939643757,0.0020166697269445866
2022-03-15 08:09:00,0.0009074937939643757,0.0019929212018148235
2022-03-15 08:10:00,0.0009074937939643757,0.001921748030465853
2022-03-15 08:11:00,0.0009074937939643757,0.0013523626596732008
2022-03-15 08:12:00,0.0009074937939643757,0.0014947090023715859
2022-03-15 08:13:00,0.0009074937939643757,0.0019099461719411792
2022-03-15 08:14:00,0.0009074937939643757,0.0018268987380272161
2022-03-15 08:15:00,0.0009074937939643757,0.0018505748591168825
2022-03-15 08:16:00,0.0009074937939643757,0.0011269688830612967
2022-03-15 08:17:00,0.0009074937939643757,0.001542206052631112
2022-03-15 08:18:00,0.0009074937939643757,0.0022719663720891514
2022-03-15 08:19:00,0.0009074937939643757,0.0021590160696429717
2022-03-15 08:20:00,0.0009074937939643757,0.0021353399485533053
2022-03-15 08:21:00,-0.0004278258204459817,0.0010439214491475557
2022-03-15 08:22:00,-0.0008747038722037859,0.0012100163169752598
2022-03-15 08:23:00,-0.00042250493764872665,0.0014472843561521564
2022-03-15 08:24:00,-0.0009491835474968457,0.0015660993858408467
2022-03-15 08:25:00,2.9693996906221543e-05,0.002941993358523076
2022-03-15 08:26:00,0.0014394932866097498,0.0029894180047425056
2022-03-15 08:27:00,0.001971492779254902,0.0028470716620445646
2022-03-15 08:28:00,0.002242813408374733,0.003463954083096521
2022-03-15 08:29:00,0.0030354917645454282,0.003985914807669522
2022-03-15 08:30:00,0.001979817974567366,0.003689347859708203
2022-03-15 08:31:00,0.0024614976525305643,0.00434178066441504
2022-03-15 08:32:00,0.0029614964127540055,0.004246858967936085
2022-03-15 08:33:00,0.002269493257999411,0.004745071167379766
2022-03-15 08:34:00,0.001718298208713609,0.004863741388988263
2022-03-15 08:35:00,0.0017758970856667222,0.005337987851182113
2022-03-15 08:36:00,0.0016148995995521886,0.005314528942212515
2022-03-15 08:37:00,0.001641497671604153,0.005480551406000567
2022-03-15 08:38:00,0.001519456493854543,0.005385702113561708
2022-03-15 08:39:00,0.00241749616861342,0.005148434074384811
2022-03-15 08:40:00,0.004013500988483409,0.004531551653332855
2022-03-15 08:41:00,0.002843097031116404,0.004673897996031018
2022-03-15 08:42:00,0.0013534971833228937,0.005068934438432482
2022-03-15 08:43:00,0.0013534971833228937,0.004958590681427344
2022-03-15 08:44:00,-0.0007745007872581589,0.005041638115341307
2022-03-15 08:45:00,-0.0007479027152061946,0.004994213469121878
2022-03-15 08:46:00,-0.0007479027152061946,0.005694143324088019
2022-03-15 08:47:00,-0.0007479027152061946,0.005409378234651596
2022-03-15 08:48:00,-0.0007479027152061946,0.005646646273828493
2022-03-15 08:49:00,-0.0007479027152061946,0.006050009180833316
2022-03-15 08:50:00,-0.0007479027152061946,0.006287277220010212
2022-03-15 08:51:00,-0.001292293095588648,0.006192355523531479
2022-03-15 08:52:00,-0.0025697230339050137,0.0061686069984017156
2022-03-15 08:53:00,-0.0023649011731148306,0.006310953341099879
2022-03-15 08:54:00,-0.0023649011731148306,0.004033339453889173
2022-03-15 08:55:00,-0.003981906056404139,0.0022539377661219273
2022-03-15 08:56:00,-0.004515514647960628,0.0023962841088198683
2022-03-15 08:57:00,-0.004251405799388874,0.0014947090023715859
2022-03-15 08:58:00,-0.003981906056404139,0.001779401687767912
2022-03-15 08:59:00,-0.004221903920173631,0.002491205805298824
2022-03-15 09:00:00,-0.003968905568122905,0.0018268987380274382
2022-03-15 09:01:00,-0.0038215056657791013,0.0015658821737207784
2022-03-15 09:02:00,-0.0034719039201736024,0.0008778265813196295
2022-03-15 09:03:00,-0.0037619048357009355,0.0010202453280578894
2022-03-15 09:04:00,-0.003922106862068175,0.0013286141345438818
2022-03-15 09:05:00,-0.00405190575122838,0.0012574409631946892
2022-03-15 09:06:00,-0.0046219054460525655,0.0026809767942164164
2022-03-15 09:07:00,-0.004701907277107287,0.0028708201871741057
2022-03-15 09:08:00,-0.0049629012346267265,0.003558803375535158
2022-03-15 09:09:00,-0.004966906666755699,0.003867244586061247
2022-03-15 09:10:00,-0.004966906666755699,0.003606300425794684
2022-03-15 09:11:00,-0.004966906666755699,0.003179188993660098
2022-03-15 09:12:00,-0.004966906666755699,0.003558803375535158
2022-03-15 09:13:00,-0.004966906666755699,0.004223110442806544
2022-03-15 09:14:00,-0.004966906666755699,0.0038912103233108564
2022-03-15 09:15:00,-0.004966906666755699,0.004104512625237922
2022-03-15 09:16:00,-0.004966906666755699,0.003867244586061025
2022-03-15 09:17:00,-0.004966906666755699,0.004045213716453722
2022-03-15 09:18:00,-0.004966906666755699,0.004128261150367463
2022-03-15 09:19:00,-0.004966906666755699,0.004531551653332189
2022-03-15 09:20:00,-0.004514546847343426,0.004270607493065626
2022-03-15 09:21:00,-0.005598104810714766,0.004158598443139816
2022-03-15 09:22:00,-0.0055612849712372014,0.004033339453888729
2022-03-15 09:23:00,-0.005350887680053762,0.0050611148021086905
2022-03-15 09:24:00,-0.006423923897743267,0.005741785182426851
2022-03-15 09:25:00,-0.007144544339179992,0.005670612011077658
2022-03-15 09:26:00,-0.008191282463073768,0.005788992616526212
2022-03-15 09:27:00,-0.007144544339179992,0.00567039479895759
2022-03-15 09:28:00,-0.007670543837547283,0.0059076628381344864
2022-03-15 09:29:00,-0.007670543837547283,0.006144858473271508
2022-03-15 09:30:00,-0.007670543837547283,0.006002512130573345
2022-03-15 09:31:00,-0.007670543837547283,0.0059076628381347085
2022-03-15 09:32:00,-0.007670543837547283,0.005931338959224375
2022-03-15 09:33:00,-0.007670543837547283,0.005836489666785738
2022-03-15 09:34:00,-0.007670543837547283,0.005812741141655975
2022-03-15 09:35:00,-0.007670543837547283,0.006643143076755065
2022-03-15 09:36:00,-0.007670543837547283,0.006690567722974272
2022-03-15 09:37:00,-0.007670543837547283,0.006477048208926917
2022-03-15 09:38:00,-0.007670543837547283,0.006287277220009324
2022-03-15 09:39:00,-0.007670543837547283,0.006690567722974272
2022-03-15 09:40:00,-0.007670543837547283,0.0063109533410992125
2022-03-15 09:41:00,-0.007670543837547283,0.00584829152531019
2022-03-15 09:42:00,-0.007670543837547283,0.0060500091808326495
2022-03-15 09:43:00,-0.007670543837547283,0.0051958587206037965
2022-03-15 09:44:00,-0.007670543837547283,0.0049942134691212114
2022-03-15 09:45:00,-0.007640545058250403,0.004982339206556441
2022-03-15 09:46:00,-0.007940342116355859,0.005551724577349093
2022-03-15 09:47:00,-0.007880542922020006,0.005314528942212071
2022-03-15 09:48:00,-0.007510540175437952,0.004531551653332189
2022-03-15 09:49:00,-0.007327541518211356,0.004246858967935863
2022-03-15 09:50:00,-0.007260341811180071,0.004033339453888729
2022-03-15 09:51:00,-0.006920543837547255,0.0034164570328365507
2022-03-15 09:52:00,-0.0067535440206527575,0.0027047253193455134
2022-03-15 09:53:00,-0.006950542616844135,0.0029656694796120764
2022-03-15 09:54:00,-0.007140545058250458,0.003345283861487136
2022-03-15 09:55:00,-0.007140545058250458,0.003606300425793796
2022-03-15 09:56:00,-0.00735054414272307,0.00418017484706823
2022-03-15 09:57:00,-0.007590542006492562,0.004958590681426456
2022-03-15 09:58:00,-0.007560543227195793,0.004697646521159671
2022-03-15 09:59:00,-0.007974249243736242,0.004958590681426456
2022-03-15 10:00:00,-0.006532541584968521,0.005380923446919095
2022-03-15 10:01:00,-0.0071173319935798895,0.0053619535884312786
2022-03-15 10:02:00,-0.006987329018116051,0.005599221627608175
2022-03-15 10:03:00,-0.007457250511646252,0.005955087484353694
2022-03-15 10:04:00,-0.006562041556835152,0.005741567970306338
2022-03-15 10:05:00,-0.006532541584968521,0.005646646273827605
2022-03-15 10:06:00,-0.006555522370338407,0.004816244338728293
2022-03-15 10:07:00,-0.008848539376258846,0.00455530017846173
2022-03-15 10:08:00,-0.008501246261596651,0.004626473349810922
2022-03-15 10:09:00,-0.008913540863990765,0.0043061578767200626
2022-03-15 10:10:00,-0.008878802001476283,0.004009590928758966
2022-03-15 10:11:00,-0.009041299521923118,0.0038198199398411514
2022-03-15 10:12:00,-0.009111299216747248,0.003926543494844781
2022-03-15 10:13:00,-0.008771295249462074,0.003202937518788973
2022-03-15 10:14:00,-0.008551301658153543,0.002430241603593286
2022-03-15 10:15:00,-0.008744294822216059,0.003202937518788973
2022-03-15 10:16:00,-0.008571298301219943,0.002752149965564721
2022-03-15 10:17:00,-0.008471299827098822,0.0025860550977367947
2022-03-15 10:18:00,-0.008391297996044211,0.0024912058052979358
2022-03-15 10:19:00,-0.00830130165815357,0.002372535583689439
2022-03-15 10:20:00,-0.008361299216747331,0.002372535583689439
2022-03-15 10:21:00,-0.008635095298290207,0.003036842650960825
2022-03-15 10:22:00,-0.008661294639110584,0.0031555128725695436
2022-03-15 10:23:00,-0.008761300742626155,0.0034639540830954108
2022-03-15 10:24:00,-0.008701295554637944,0.003487630204184855
2022-03-15 10:25:00,-0.008961297690868397,0.004258733230499967
2022-03-15 10:26:00,-0.00896919602155688,0.00434178066441393
2022-03-15 10:27:00,-0.008866433966159826,0.0038672445860599147
2022-03-15 10:28:00,-0.009464756333827928,0.002941993358521744
2022-03-15 10:29:00,-0.01025817819833752,0.0014709604772407125
2022-03-15 10:30:00,-0.01028117817640306,0.0012100163169739275
2022-03-15 10:31:00,-0.010795538032054908,0.002126506655668603
2022-03-15 10:32:00,-0.010369595301151224,0.0020404182520732395
2022-03-15 10:33:00,-0.011084417784213985,0.0024674572801677286
2022-03-15 10:34:00,-0.010487096083164227,0.002135339948551973
2022-03-15 10:35:00,-0.010227096331119512,0.002657228269085321
2022-03-15 10:36:00,-0.01016600013971325,0.0027047253193448473
2022-03-15 10:37:00,-0.009650701344013246,0.0024437087550381875
2022-03-15 10:38:00,-0.00979109984636306,0.002064094373163128
2022-03-15 10:39:00,-0.009425759589672067,0.0019217480304651868
2022-03-15 10:40:00,-0.00936368058919912,0.002230189240991054
2022-03-15 10:41:00,-0.008951601421833044,0.002111591423422432
2022-03-15 10:42:00,-0.009267101895809149,0.0026335521479956547
2022-03-15 10:43:00,-0.01077266207933425,0.0031080158223095733
2022-03-15 10:44:00,-0.012663098657131222,0.002657228269085321
2022-03-15 10:45:00,-0.012940437448024755,0.0025860550977361285
2022-03-15 10:46:00,-0.012940437448024755,0.0025623789766466842
2022-03-15 10:47:00,-0.012940437448024755,0.002965669479611188
2022-03-15 10:48:00,-0.012940437448024755,0.003037132267120324
2022-03-15 10:49:00,-0.012940437448024755,0.002420032633948077
2022-03-15 10:50:00,-0.012940437448024755,0.0028942790961419274
2022-03-15 10:51:00,-0.012940437448024755,0.0030368426509601587
2022-03-15 10:52:00,-0.012940437448024755,0.0030368426509601587
2022-03-15 10:53:00,-0.012940437448024755,0.003084339701219685
2022-03-15 10:54:00,-0.012940437448024755,0.0030962139637844555
2022-03-15 10:55:00,-0.012940437448024755,0.004021465191322404
2022-03-15 10:56:00,-0.013809472692012825,0.003629976546882352
2022-03-15 10:57:00,-0.014070755422115333,0.0037486467684910707
2022-03-15 10:58:00,-0.01378675569295884,0.004080764100106604
2022-03-15 10:59:00,-0.012645075833797481,0.00405708797901716
2022-03-15 11:00:00,-0.012951799333095537,0.004483620178831416
2022-03-15 11:01:00,-0.012934756505489364,0.004223110442804989
2022-03-15 11:02:00,-0.01350843690633774,0.004104512625236367
2022-03-15 11:03:00,-0.014070755422115333,0.0038553703234947
2022-03-15 11:04:00,-0.014121877133846272,0.001969245080724047
2022-03-15 11:05:00,-0.013502755963802349,0.002396284108818536
2022-03-15 11:06:00,-0.01350843690633774,0.0017557255666766913
2022-03-15 11:07:00,-0.014633073937892926,0.00228948814977481
2022-03-15 11:08:00,-0.014430954396724704,0.003345283861486248
2022-03-15 11:09:00,-0.014954255127906824,0.0034639540830949667
2022-03-15 11:10:00,-0.014409872865676854,0.0027521499655638326
2022-03-15 11:11:00,-0.014305645358562491,0.002680976794214862
2022-03-15 11:12:00,-0.014299148797988881,0.0024674572801675065
2022-03-15 11:13:00,-0.012080751824378955,0.0022541549782404413
2022-03-15 11:14:00,-0.01217514605522152,0.002253937766120373
2022-03-15 11:15:00,-0.012651760113239319,0.0021827645947711805
2022-03-15 11:16:00,-0.011990755486488314,0.0016845523953277208
2022-03-15 11:17:00,-0.010734368097782165,0.0015896306988487652
2022-03-15 11:18:00,-0.010524361383914993,0.0011150946204949719
2022-03-15 11:19:00,-0.009112163174152421,0.00042711143213369773
2022-03-15 11:20:00,-0.010357755649089806,0.0002846926853954379
2022-03-15 11:21:00,-0.010441754603385922,0.0006406309461810533
2022-03-15 11:22:00,-0.011390749382972687,0.00035593826078472723
2022-03-15 11:23:00,-0.0117107490777969,0.0009348085608211765
2022-03-15 11:24:00,-0.013173259615898103,0.0009015751064476163
2022-03-15 11:25:00,-0.013057430708408369,0.001340488397107098
2022-03-15 11:26:00,-0.013128359854221339,0.0017319770415469282
2022-03-15 11:27:00,-0.012998560965061134,0.0013286141345421054
2022-03-15 11:28:00,-0.012989847862720505,0.0016845523953277208
2022-03-15 11:29:00,-0.013558106362819622,0.001399787305891298
2022-03-15 11:30:00,-0.013030027687549572,0.0006643070672707196
2022-03-15 11:31:00,-0.014120630753040264,0.0006643070672707196
2022-03-15 11:32:00,-0.013558106362819622,0.0013523626596718685
2022-03-15 11:33:00,-0.014132105815410578,0.001992921201813491
2022-03-15 11:34:00,-0.014132105815410578,0.0028708201871723293
2022-03-15 11:35:00,-0.014132105815410578,0.0029419933585213
2022-03-15 11:36:00,-0.014132105815410578,0.002799647015823137
2022-03-15 11:37:00,-0.014164606559276538,0.0024674572801672845
2022-03-15 11:38:00,-0.014314105021953627,0.0022065131199007215
2022-03-15 11:39:00,-0.014359604823589334,0.0027521499655636106
2022-03-15 11:40:00,-0.014392105567455293,0.0032741106901370554
2022-03-15 11:41:00,-0.014392105567455293,0.003535127254443715
2022-03-15 11:42:00,-0.014392105567455293,0.003653725072012115
2022-03-15 11:43:00,-0.014392105567455293,0.0036063004257926856
2022-03-15 11:44:00,-0.014392105567455293,0.0038434960609297075
2022-03-15 11:45:00,-0.014392105567455293,0.005314746154331029
2022-03-15 11:46:00,-0.014392105567455293,0.005267031891951657
2022-03-15 11:47:00,-0.014392105567455293,0.005338205063300849
2022-03-15 11:48:00,-0.014687396252155316,0.005278906154516649
2022-03-15 11:49:00,-0.014131553745269754,0.0057889926165251016
2022-03-15 11:50:00,-0.015236529731750492,0.00640587503757728
2022-03-15 11:51:00,-0.01663845610618586,0.0065007967340560135
2022-03-15 11:52:00,-0.01632660372257233,0.005978836009482569
2022-03-15 11:53:00,-0.016505656886100728,0.006287277220008658
2022-03-15 11:54:00,-0.0167373146891594,0.006287277220008658
2022-03-15 11:55:00,-0.016660738182067925,0.006382126512447517
2022-03-15 11:56:00,-0.016099104714393575,0.006216031644619369
2022-03-15 11:57:00,-0.016066603970527615,0.0060264778678220665
2022-03-15 11:58:00,-0.01593660719394685,0.006522155925864581
2022-03-15 11:59:00,-0.015741608929634054,0.007426047961593962
2022-03-15 12:00:00,-0.015891107392311143,0.007070182104848444
2022-03-15 12:01:00,-0.01583910496234897,0.007900584039947978
2022-03-15 12:02:00,-0.01587160570621493,0.007663316000770859
2022-03-15 12:03:00,-0.01590410645008089,0.007283701618895799
2022-03-15 12:04:00,-0.01600160868167877,0.007402299436464199
2022-03-15 12:05:00,-0.01590410645008089,0.007805662343469022
2022-03-15 12:06:00,-0.01583910496234897,0.007995433332386392
2022-03-15 12:07:00,-0.015709108185768095,0.007853811030088531
2022-03-15 12:08:00,-0.015514103722572337,0.007971757211296726
2022-03-15 12:09:00,-0.015676607441902135,0.007520969658072474
2022-03-15 12:10:00,-0.015514103722572337,0.0079242601610372
2022-03-15 12:11:00,-0.01548160917758945,0.007912458302512526
2022-03-15 12:12:00,-0.0153516062021255,0.008256449896693052
2022-03-15 12:13:00,-0.015727111816406292,0.0076870645259004
2022-03-15 12:14:00,-0.01822111673355098,0.0077582376972493705
2022-03-15 12:15:00,-0.017882615506649047,0.008469969410740408
2022-03-15 12:16:00,-0.01795917053222651,0.009039354781533282
2022-03-15 12:17:00,-0.01776611871719358,0.009513890859887075
2022-03-15 12:18:00,-0.0178239666938782,0.009513890859887075
2022-03-15 12:19:00,-0.01779861946105954,0.009774835020153638
2022-03-15 12:20:00,-0.017896115493774456,0.009371544517188912
2022-03-15 12:21:00,-0.0178311202049255,0.010130773280939032
2022-03-15 12:22:00,-0.017896115493774456,0.010308670007291854
2022-03-15 12:23:00,-0.017961116981506375,0.010178197927158461
2022-03-15 12:24:00,-0.01786426563262944,0.010367968916076054
2022-03-15 12:25:00,-0.017961116981506375,0.010439214491465343
2022-03-15 12:26:00,-0.017928616237640416,0.010367968916076276
2022-03-15 12:27:00,-0.01815611524581906,0.010453405683311212
2022-03-15 12:28:00,-0.01815611524581906,0.010130773280939476
2022-03-15 12:29:00,-0.01815611524581906,0.010159228068671089
2022-03-15 12:30:00,-0.01815611524581906,0.010700158651732128
2022-03-15 12:31:00,-0.01815611524581906,0.01126954402252478
2022-03-15 12:32:00,-0.01815611524581906,0.011696655454659366
2022-03-15 12:33:00,-0.01815611524581906,0.011364465719003736
2022-03-15 12:34:00,-0.01815611524581906,0.010415465966335802
2022-03-15 12:35:00,-0.01815611524581906,0.010569686571598957
2022-03-15 12:36:00,-0.01815611524581906,0.010012103059330979
2022-03-15 12:37:00,-0.01815611524581906,0.010391717441206039
2022-03-15 12:38:00,-0.018272594738006576,0.010154449402029142
2022-03-15 12:39:00,-0.018220116710662815,0.010700158651732128
2022-03-15 12:40:00,-0.018348113536834743,0.009881630979197586
2022-03-15 12:41:00,-0.018220116710662815,0.009763033161629187
2022-03-15 12:42:00,-0.018092113780975305,0.010391717441206039
2022-03-15 12:43:00,-0.018220116710662815,0.009893505241762357
2022-03-15 12:44:00,-0.018060113048553483,0.010534063783904202
2022-03-15 12:45:00,-0.01815611524581906,0.00972741037393443
2022-03-15 12:46:00,-0.01800059766769413,0.010273119623637639
2022-03-15 12:47:00,-0.01818747510910035,0.00965623720258546
2022-03-15 12:48:00,-0.01799611768722531,0.009679985727715446
2022-03-15 12:49:00,-0.01783611402511598,0.01088992964064972
2022-03-15 12:50:00,-0.01770811719894405,0.011186496588611039
2022-03-15 12:51:00,-0.01770811719894405,0.011886426443576958
2022-03-15 12:52:00,-0.017720275402069108,0.011957599614926151
2022-03-15 12:53:00,-0.017644115734100296,0.012171119128973507
2022-03-15 12:54:00,-0.01770811719894405,0.011222119376305795
2022-03-15 12:55:00,-0.017710033702850292,0.01064085974294815
2022-03-15 12:56:00,-0.017360595226287856,0.010605236955253616
2022-03-15 12:57:00,-0.017484112071990965,0.010415465966336024
2022-03-15 12:58:00,-0.017420116710662792,0.010107024755809935
2022-03-15 12:59:00,-0.017484112071990965,0.01107977303360741
2022-03-16 06:30:00,-0.017484112071990965,0.020101533633414048
2022-03-16 06:31:00,-0.017484112071990965,0.0202614741578393
2022-03-16 06:32:00,-0.017484112071990965,0.02075968635728298
2022-03-16 06:33:00,-0.017484112071990965,0.020925781225110907
2022-03-16 06:34:00,-0.017484112071990965,0.021637512938601722
2022-03-16 06:35:00,-0.017484112071990965,0.022278143884783663
2022-03-16 06:36:00,-0.017484112071990965,0.022918702426925508
2022-03-16 06:37:00,-0.017484112071990965,0.02325089216258136
2022-03-16 06:38:00,-0.017484112071990965,0.024318489732817694
2022-03-16 06:39:00,-0.017484112071990965,0.024508333125775383
2022-03-16 06:40:00,-0.017484112071990965,0.024745601164952058
2022-03-16 06:41:00,-0.017484112071990965,0.02480605853837692
2022-03-16 06:42:00,-0.017484112071990965,0.02495912067899919
2022-03-16 06:43:00,-0.017484112071990965,0.025220064839265754
2022-03-16 06:44:00,-0.017484112071990965,0.02532686079830948
2022-03-16 06:45:00,-0.017484112071990965,0.02551663178722685
2022-03-16 06:46:00,-0.017484112071990965,0.026026718249235303
2022-03-16 06:47:00,-0.017484112071990965,0.02612163994571426
2022-03-16 06:48:00,-0.017484112071990965,0.0257420255638392
2022-03-16 06:49:00,-0.017484112071990965,0.025718277038709436
2022-03-16 06:50:00,-0.017484112071990965,0.025243813364395518
2022-03-16 06:51:00,-0.017484112071990965,0.025979293603016318
2022-03-16 06:52:00,-0.017484112071990965,0.02536241118196436
2022-03-16 06:53:00,-0.017484112071990965,0.02486419898252068
2022-03-16 06:54:00,-0.017484112071990965,0.024365986783077
2022-03-16 06:55:00,-0.017484112071990965,0.024899749366175117
2022-03-16 06:56:00,-0.017484112071990965,0.025398033969658895
2022-03-16 06:57:00,-0.017484112071990965,0.02487607324508545
2022-03-16 06:58:00,-0.017484112071990965,0.02437786104564177
2022-03-16 06:59:00,-0.017484112071990965,0.024769277286041946
2022-03-16 07:00:00,-0.017484112071990965,0.02486419898252068
2022-03-16 07:01:00,-0.017484112071990965,0.02555225457492183
2022-03-16 07:02:00,-0.017484112071990965,0.024769277286041946
2022-03-16 07:03:00,-0.017484112071990965,0.02440016148997093
2022-03-16 07:04:00,-0.017484112071990965,0.023630506544456642
2022-03-16 07:05:00,-0.017484112071990965,0.02374910436202482
2022-03-16 07:06:00,-0.017484112071990965,0.02242049022748205
2022-03-16 07:07:00,-0.017484112071990965,0.022705182912878374
2022-03-16 07:08:00,-0.017484112071990965,0.022586585095309974
2022-03-16 07:09:00,-0.017484112071990965,0.022088300491826418
2022-03-16 07:10:00,-0.017484112071990965,0.023013624123404464
2022-03-16 07:11:00,-0.017484112071990965,0.024579506297124132
2022-03-16 07:12:00,-0.017484112071990965,0.024698104114692532
2022-03-16 07:13:00,-0.017484112071990965,0.024282939349162813
2022-03-16 07:14:00,-0.017484112071990965,0.024991123264692217
2022-03-16 07:15:00,-0.017484112071990965,0.027912915896046053
2022-03-16 07:16:00,-0.017292553329467775,0.028541600175622905
2022-03-16 07:17:00,-0.016416552829742415,0.029372002110722217
2022-03-16 07:18:00,-0.016050044441223155,0.030487096731218077
2022-03-16 07:19:00,-0.016593545627593964,0.029300828939373247
2022-03-16 07:20:00,-0.016268085861206094,0.029549971241115136
2022-03-16 07:21:00,-0.016516046810150176,0.029538096978550366
2022-03-16 07:22:00,-0.01588854904174808,0.029680443321248307
2022-03-16 07:23:00,-0.016317271232604957,0.029597395887334343
2022-03-16 07:24:00,-0.01524554557800295,0.02908730942532589
2022-03-16 07:25:00,-0.01499405107498164,0.02877249665927728
2022-03-16 07:26:00,-0.015270557403564422,0.02906356090019635
2022-03-16 07:27:00,-0.014991051006317146,0.028838167123584224
2022-03-16 07:28:00,-0.014124542427062958,0.02889753843640852
2022-03-16 07:29:00,-0.014222005558013895,0.028375577711835298
2022-03-16 07:30:00,-0.013334370613098168,0.028423002358054505
2022-03-16 07:31:00,-0.013230848693847608,0.02920619685905468
2022-03-16 07:32:00,-0.013304543209075925,0.02939575063585198
2022-03-16 07:33:00,-0.012698990249633835,0.03020240404582175
2022-03-16 07:34:00,-0.013410053920745901,0.029566768978402047
2022-03-16 07:35:00,-0.014198103713989219,0.029134734071545543
2022-03-16 07:36:00,-0.013938046455383324,0.029277080414243706
2022-03-16 07:37:00,-0.0142175528526306,0.028494175529403698
2022-03-16 07:38:00,-0.014463050174713166,0.02757457181698797
2022-03-16 07:39:00,-0.013130547523498515,0.02901613625397692
2022-03-16 07:40:00,-0.013012556076049786,0.02868394651832107
2022-03-16 07:41:00,-0.01320204916000367,0.027284159212429104
2022-03-16 07:42:00,-0.014210673236846882,0.026335159459761392
2022-03-16 07:43:00,-0.015078052997589131,0.025396585888857848
2022-03-16 07:44:00,-0.014702659034729004,0.02624023776328288
2022-03-16 07:45:00,-0.014649554443359358,0.026447892550087726
2022-03-16 07:46:00,-0.014649554443359358,0.026928293355683808
2022-03-16 07:47:00,-0.014649554443359358,0.026714773841636452
2022-03-16 07:48:00,-0.014649554443359358,0.02624023776328266
2022-03-16 07:49:00,-0.014649554443359358,0.026833371659205074
2022-03-16 07:50:00,-0.014649554443359358,0.027355332383778297
2022-03-16 07:51:00,-0.014649554443359358,0.027165561394860926
2022-03-16 07:52:00,-0.014649554443359358,0.026525002852719082
2022-03-16 07:53:00,-0.014649554443359358,0.026335159459761392
2022-03-16 07:54:00,-0.014649554443359358,0.02676219848785588
2022-03-16 07:55:00,-0.014649554443359358,0.02650125432758932
2022-03-16 07:56:00,-0.014649554443359358,0.025836947260317933
2022-03-16 07:57:00,-0.014649554443359358,0.02642269594415736
2022-03-16 07:58:00,-0.014649554443359358,0.02718930991999069
2022-03-16 07:59:00,-0.014649554443359358,0.028043387976179446
2022-03-16 08:00:00,-0.01439154853820801,0.027948466279700712
2022-03-16 08:01:00,-0.014659010887146051,0.026596176024068274
2022-03-16 08:02:00,-0.01458247356414799,0.027604474685520186
2022-03-16 08:03:00,-0.014563552474975539,0.027578409231109546
2022-03-16 08:04:00,-0.014606553459167504,0.028090812622399097
2022-03-16 08:05:00,-0.014563552474975539,0.028043387976179668
2022-03-16 08:06:00,-0.014606553459167504,0.02787729310835174
2022-03-16 08:07:00,-0.015122548866271956,0.027497678726476682
2022-03-16 08:08:00,-0.015099550533294703,0.026880868709464822
2022-03-16 08:09:00,-0.015471907520294148,0.027094388223511956
2022-03-16 08:10:00,-0.015395555114746107,0.027379080908908282
2022-03-16 08:11:00,-0.015395555114746107,0.02728415921242955
2022-03-16 08:12:00,-0.015395555114746107,0.027497678726476682
2022-03-16 08:13:00,-0.015395555114746107,0.02718930991999069
2022-03-16 08:14:00,-0.015395555114746107,0.026904544830554267
2022-03-16 08:15:00,-0.015568059062957773,0.027023215052162763
2022-03-16 08:16:00,-0.015338053798675588,0.026880868709464822
2022-03-16 08:17:00,-0.014993056869506804,0.026738522366766437
2022-03-16 08:18:00,-0.014879205799102735,0.02651312859015431
2022-03-16 08:19:00,-0.01521971092224117,0.026904544830554267
2022-03-16 08:20:00,-0.0148659034729004,0.026999466527033222
2022-03-16 08:21:00,-0.013516483426094017,0.026382584105981044
2022-03-16 08:22:00,-0.014133819317817653,0.02650125432758954
2022-03-16 08:23:00,-0.014316936993598928,0.02685712018433506
2022-03-16 08:24:00,-0.015581785941123916,0.02692829335568403
2022-03-16 08:25:00,-0.01591358203887938,0.027118136748641497
2022-03-16 08:26:00,-0.015967332172393767,0.027201111778515363
2022-03-16 08:27:00,-0.01541727979183194,0.027212986041080356
2022-03-16 08:28:00,-0.016575792622566254,0.02728415921242955
2022-03-16 08:29:00,-0.016661090683937063,0.02697571800190346
2022-03-16 08:30:00,-0.01631609375476839,0.027640097473214942
2022-03-16 08:31:00,-0.01643109638690954,0.027390955171473275
2022-03-16 08:32:00,-0.016488586735725397,0.02730790773755931
2022-03-16 08:33:00,-0.016603589367866545,0.02735533238377874
2022-03-16 08:34:00,-0.016651889157295208,0.027450254080257475
2022-03-16 08:35:00,-0.01683689339160921,0.027402829434038045
2022-03-16 08:36:00,-0.016525340867042493,0.02716556139486115
2022-03-16 08:37:00,-0.01681609423160557,0.02612163994571448
2022-03-16 08:38:00,-0.016829943013191184,0.025955545077886777
2022-03-16 08:39:00,-0.016972746682167084,0.026501254327589763
2022-03-16 08:40:00,-0.01735154421329499,0.025635302008836014
2022-03-16 08:41:00,-0.01735154421329499,0.02602671824923597
2022-03-16 08:42:00,-0.01735154421329499,0.02641820689367602
2022-03-16 08:43:00,-0.01735154421329499,0.026358907984891822
2022-03-16 08:44:00,-0.01735154421329499,0.026453829681370555
2022-03-16 08:45:00,-0.01735154421329499,0.025991167865581755
2022-03-16 08:46:00,-0.01735154421329499,0.026097891420585384
2022-03-16 08:47:00,-0.01735154421329499,0.02626398628841331
2022-03-16 08:48:00,-0.01737279064655306,0.025813198735189058
2022-03-16 08:49:00,-0.01737279064655306,0.026857120184335503
2022-03-16 08:50:00,-0.01741614277362824,0.026593786690747967
2022-03-16 08:51:00,-0.017457792592048604,0.02714181286973205
2022-03-16 08:52:00,-0.01711779291629789,0.027046963577293193
2022-03-16 08:53:00,-0.01699028999805452,0.02740282943403849
2022-03-16 08:54:00,-0.01690529615879055,0.0270943882235124
2022-03-16 08:55:00,-0.016947789025306692,0.027284159212429993
2022-03-16 08:56:00,-0.017032790970802347,0.026750396629331874
2022-03-16 08:57:00,-0.016421295952796955,0.026928293355684474
2022-03-16 08:58:00,-0.01680479662418366,0.02759260042295586
2022-03-16 08:59:00,-0.016948930573463472,0.027379080908908504
2022-03-16 09:00:00,-0.017019298768043534,0.027094388223512178
2022-03-16 09:01:00,-0.016820584607124323,0.027666162927625804
2022-03-16 09:02:00,-0.016786204957962014,0.028375577711835964
2022-03-16 09:03:00,-0.01577530577182773,0.028446750883184935
2022-03-16 09:04:00,-0.016173791122436554,0.028375577711835964
2022-03-16 09:05:00,-0.01686955397129064,0.02790104163348195
2022-03-16 09:06:00,-0.01777479708194729,0.02797221480483114
2022-03-16 09:07:00,-0.016912502074241664,0.02820948284400826
2022-03-16 09:08:00,-0.01794480097293849,0.02785361698726274
2022-03-16 09:09:00,-0.01830126972198487,0.02756885189782632
2022-03-16 09:10:00,-0.017906585597991964,0.027284159212429993
2022-03-16 09:11:00,-0.017537645745277386,0.027426505555128378
2022-03-16 09:12:00,-0.01832700376510621,0.027414703696603482
2022-03-16 09:13:00,-0.017902300000190774,0.02745025408025792
2022-03-16 09:14:00,-0.017906585597991964,0.02733165626268952
2022-03-16 09:15:00,-0.018095346236228993,0.027236734566210785
2022-03-16 09:16:00,-0.018095346236228993,0.02752142725160711
2022-03-16 09:17:00,-0.018095346236228993,0.027948466279701822
2022-03-16 09:18:00,-0.018095346236228993,0.027853616987262964
2022-03-16 09:19:00,-0.018095346236228993,0.027616348948086067
2022-03-16 09:20:00,-0.018095346236228993,0.02773494676565469
2022-03-16 09:21:00,-0.018095346236228993,0.027924790158611934
2022-03-16 09:22:00,-0.018095346236228993,0.0278891673709174
2022-03-16 09:23:00,-0.018095346236228993,0.027663773594305274
2022-03-16 09:24:00,-0.018095346236228993,0.027189309919991578
2022-03-16 09:25:00,-0.018095346236228993,0.027165561394861815
2022-03-16 09:26:00,-0.018095346236228993,0.0266910253165078
2022-03-16 09:27:00,-0.018095346236228993,0.026477505802460666
2022-03-16 09:28:00,-0.018095346236228993,0.02689274297203048
2022-03-16 09:29:00,-0.018095346236228993,0.027307907737559978
2022-03-16 09:30:00,-0.018095346236228993,0.027165561394861815
2022-03-16 09:31:00,-0.018095346236228993,0.027177435657426807
2022-03-16 09:32:00,-0.018095346236228993,0.027118136748642385
2022-03-16 09:33:00,-0.018095346236228993,0.027545175776736874
2022-03-16 09:34:00,-0.018095346236228993,0.027284159212430215
2022-03-16 09:35:00,-0.018095346236228993,0.026975718001904125
2022-03-16 09:36:00,-0.018095346236228993,0.026975718001904125
2022-03-16 09:37:00,-0.018095346236228993,0.027379080908908948
2022-03-16 09:38:00,-0.018095346236228993,0.0265724274989394
2022-03-16 09:39:00,-0.018095346236228993,0.025979293603016984
2022-03-16 09:40:00,-0.018095346236228993,0.0257776483515344
2022-03-16 09:41:00,-0.018095346236228993,0.026192813117064118
2022-03-16 09:42:00,-0.018095346236228993,0.026501254327589985
2022-03-16 09:43:00,-0.018095346236228993,0.02690454483055471
2022-03-16 09:44:00,-0.018205428099632215,0.026969563658501228
2022-03-16 09:45:00,-0.018291430068016035,0.026358907984891822
2022-03-16 09:46:00,-0.018635429739952136,0.024318489732817916
2022-03-16 09:47:00,-0.018721431708335845,0.02472185263982274
2022-03-16 09:48:00,-0.01867929189205164,0.02315597046610285
2022-03-16 09:49:00,-0.01867929189205164,0.023464411676628716
2022-03-16 09:50:00,-0.01867929189205164,0.023322065333930553
2022-03-16 09:51:00,-0.01867929189205164,0.023891450704722983
2022-03-16 09:52:00,-0.01867929189205164,0.023298316808800568
2022-03-16 09:53:00,-0.01867929189205164,0.0234525374140635
2022-03-16 09:54:00,-0.01867929189205164,0.023654182665545864
2022-03-16 09:55:00,-0.01867929189205164,0.023535584847977464
2022-03-16 09:56:00,-0.01867929189205164,0.02374910436202482
2022-03-16 09:57:00,-0.01867929189205164,0.023511836322847923
2022-03-16 09:58:00,-0.01867929189205164,0.02374910436202482
2022-03-16 09:59:00,-0.01867929189205164,0.024140593006464872
2022-03-16 10:00:00,-0.018593289923667933,0.0241880176526843
2022-03-16 10:01:00,-0.01834027411937711,0.023915199229852968
2022-03-16 10:02:00,-0.01870327422618867,0.023535367635857618
2022-03-16 10:03:00,-0.0185277702093124,0.0236067580193271
2022-03-16 10:04:00,-0.018293776011466978,0.023250892162581582
2022-03-16 10:05:00,-0.018279447245597824,0.0236067580193271
2022-03-16 10:06:00,-0.01871117217540741,0.02230189240991365
2022-03-16 10:07:00,-0.018652360415458702,0.02215947366317539
2022-03-16 10:08:00,-0.019176329302787787,0.021637512938602166
2022-03-16 10:09:00,-0.019281268095970194,0.021222348173072447
2022-03-16 10:10:00,-0.019431910204887437,0.02042756902566767
2022-03-16 10:11:00,-0.019431910204887437,0.02121076352666762
2022-03-16 10:12:00,-0.019431910204887437,0.02094974696236096
2022-03-16 10:13:00,-0.019431910204887437,0.021192010880299872
2022-03-16 10:14:00,-0.019431910204887437,0.021234222435637218
2022-03-16 10:15:00,-0.019431910204887437,0.021590088292382514
2022-03-16 10:16:00,-0.019431910204887437,0.021423993424554588
2022-03-16 10:17:00,-0.019431910204887437,0.021281647081856425
2022-03-16 10:18:00,-0.019431910204887437,0.021542663646163307
2022-03-16 10:19:00,-0.019431910204887437,0.021471490474814114
2022-03-16 10:20:00,-0.019431910204887437,0.021352820253205618
2022-03-16 10:21:00,-0.019431910204887437,0.020593663893495373
2022-03-16 10:22:00,-0.019431910204887437,0.02099695439646032
2022-03-16 10:23:00,-0.019431910204887437,0.021518915121033544
2022-03-16 10:24:00,-0.019431910204887437,0.02199345119938756
2022-03-16 10:25:00,-0.019431910204887437,0.02166126146373193
2022-03-16 10:26:00,-0.019431910204887437,0.021851104856689618
2022-03-16 10:27:00,-0.019431910204887437,0.021376568778335603
2022-03-16 10:28:00,-0.019431910204887437,0.021851104856689618
2022-03-16 10:29:00,-0.019431910204887437,0.021685009988861692
2022-03-16 10:30:00,-0.019562413191795303,0.022325568531003315
2022-03-16 10:31:00,-0.019038909506797763,0.023061048769623893
2022-03-16 10:32:00,-0.019389153647422774,0.02272893143800836
2022-03-16 10:33:00,-0.019172710967063855,0.02280010460935733
2022-03-16 10:34:00,-0.018849905180931104,0.0228712777807063
2022-03-16 10:35:00,-0.019053909850120565,0.022598459357874745
2022-03-16 10:36:00,-0.017951746630668675,0.02280010460935733
2022-03-16 10:37:00,-0.0190055211782455,0.02315597046610285
2022-03-16 10:38:00,-0.01930058505535126,0.02284752925557676
2022-03-16 10:39:00,-0.01923249175548558,0.022562836570180433
2022-03-16 10:40:00,-0.0187014153242111,0.02198157693682301
2022-03-16 10:41:00,-0.019621142840385408,0.021870074715177434
2022-03-16 10:42:00,-0.019558531117439215,0.022017127320477448
2022-03-16 10:43:00,-0.01988932340145111,0.022017127320477448
2022-03-16 10:44:00,-0.019960333323478685,0.022183222188305374
2022-03-16 10:45:00,-0.019419907069206266,0.022313694268438766
2022-03-16 10:46:00,-0.01933290507793428,0.022100174754391633
2022-03-16 10:47:00,-0.01901690876483919,0.022230646834524803
2022-03-16 10:48:00,-0.01911540839672088,0.022229995198164598
2022-03-16 10:49:00,-0.01985738747119903,0.022610261216400085
2022-03-16 10:50:00,-0.020070333218574543,0.022444238752612256
2022-03-16 10:51:00,-0.020019909882545428,0.02204087584560721
2022-03-16 10:52:00,-0.019911161541938727,0.02211204901695618
2022-03-16 10:53:00,-0.019976408886909436,0.02249166339883124
2022-03-16 10:54:00,-0.019932907891273444,0.022942450952055493
2022-03-16 10:55:00,-0.019932907891273444,0.02309667155731865
2022-03-16 10:56:00,-0.019802413201332136,0.02334574145502044
2022-03-16 10:57:00,-0.019976408886909436,0.022871277780706523
2022-03-16 10:58:00,-0.019896368050575264,0.023820277533374457
2022-03-16 10:59:00,-0.019802413201332136,0.02338491204067661
2022-03-16 11:00:00,-0.020367909550666807,0.02303737264853467
2022-03-16 11:01:00,-0.0204114105463028,0.018909111498167652
2022-03-16 11:02:00,-0.0204114105463028,0.02083085952863284
2022-03-16 11:03:00,-0.0204114105463028,0.019122631012215008
2022-03-16 11:04:00,-0.0204114105463028,0.017936363220370177
2022-03-16 11:05:00,-0.0204114105463028,0.01691619029635305
2022-03-16 11:06:00,-0.0204114105463028,0.017343229324447762
2022-03-16 11:07:00,-0.0204114105463028,0.01807870956306812
2022-03-16 11:08:00,-0.0204114105463028,0.01659587482326219
2022-03-16 11:09:00,-0.0204114105463028,0.014342009461181249
2022-03-16 11:10:00,-0.0204114105463028,0.013998017867000723
2022-03-16 11:11:00,-0.0204114105463028,0.013381135445948766
2022-03-16 11:12:00,-0.0204114105463028,0.0131912920529913
2022-03-16 11:13:00,-0.0204114105463028,0.01364207960621533
2022-03-16 11:14:00,-0.0204114105463028,0.012360962521931862
2022-03-16 11:15:00,-0.0204114105463028,0.013855599120262685
2022-03-16 11:16:00,-0.0204114105463028,0.013570906434866359
2022-03-16 11:17:00,-0.0204114105463028,0.015231710305065205
2022-03-16 11:18:00,-0.0204114105463028,0.015563827636681182
2022-03-16 11:19:00,-0.019970763087272636,0.01625188322908211
2022-03-16 11:20:00,-0.02017732000350947,0.014925658427860089
2022-03-16 11:21:00,-0.01948881518840795,0.014567403237793597
2022-03-16 11:22:00,-0.019493411421775853,0.014164040330788774
2022-03-16 11:23:00,-0.01948881518840795,0.013256093668817748
2022-03-16 11:24:00,-0.020861228585243197,0.01238463864302175
2022-03-16 11:25:00,-0.020406814312934896,0.012811750075156336
2022-03-16 11:26:00,-0.02017732000350947,0.013404883971078752
2022-03-16 11:27:00,-0.019993722367286693,0.014069191038350137
2022-03-16 11:28:00,-0.02017732000350947,0.01226604082545335
2022-03-16 11:29:00,-0.021237605381011937,0.011649158404401172
2022-03-16 11:30:00,-0.02086581387519837,0.010391717441207371
2022-03-16 11:31:00,-0.02086581387519837,0.008849583792617244
2022-03-16 11:32:00,-0.02086581387519837,0.009276622820711733
2022-03-16 11:33:00,-0.02086581387519837,0.00910821102360293
2022-03-16 11:34:00,-0.02086581387519837,0.009561315506108059
2022-03-16 11:35:00,-0.02086581387519837,0.00951389085988863
2022-03-16 11:36:00,-0.02086581387519837,0.010961102812000023
2022-03-16 11:37:00,-0.02086581387519837,0.012123694482755187
2022-03-16 11:38:00,-0.02086581387519837,0.013523481788647151
2022-03-16 11:39:00,-0.02086581387519837,0.01466232493427233
2022-03-16 11:40:00,-0.02086581387519837,0.014852095923189923
2022-03-16 11:41:00,-0.02086581387519837,0.01584859272611716
2022-03-16 11:42:00,-0.020352026748657215,0.017666875383380187
2022-03-16 11:43:00,-0.02238451242446904,0.0176991675852336
2022-03-16 11:44:00,-0.022014605855941727,0.01831597760224568
2022-03-16 11:45:00,-0.022091107606887816,0.01774659223145303
2022-03-16 11:46:00,-0.02153011450767517,0.01931247440517292
2022-03-16 11:47:00,-0.021400681257247922,0.018707466246685733
2022-03-16 11:48:00,-0.021713712072372382,0.018339726127375444
2022-03-16 11:49:00,-0.021831906652450606,0.018743089034380267
2022-03-16 11:50:00,-0.02266621756553655,0.01749744992971114
2022-03-16 11:51:00,-0.021944112539291405,0.019241301233823727
2022-03-16 11:52:00,-0.022047004079818744,0.01900403319464683
2022-03-16 11:53:00,-0.02102911133766172,0.019715764908137867
2022-03-16 11:54:00,-0.02040810856819153,0.020830859528633505
2022-03-16 11:55:00,-0.01972798390388486,0.023167844728668507
2022-03-16 11:56:00,-0.019709713983535715,0.02175618316021155
2022-03-16 11:57:00,-0.019487402486801142,0.021400317303466032
2022-03-16 11:58:00,-0.019488604116439823,0.02106812756781018
2022-03-16 11:59:00,-0.019869612836837747,0.02007170316892304
2022-03-16 12:00:00,-0.0212421047687531,0.02032077306662483
2022-03-16 12:01:00,-0.020895306730270402,0.01940739610165143
2022-03-16 12:02:00,-0.020242808389663747,0.020569915368366498
2022-03-16 12:03:00,-0.020286309385299628,0.021590088292383403
2022-03-16 12:04:00,-0.020329802083969062,0.0218866552403445
2022-03-16 12:05:00,-0.020274992322921737,0.0226814343877495
2022-03-16 12:06:00,-0.020634309053421007,0.020000529997573846
2022-03-16 12:07:00,-0.020286309385299628,0.02106812756781018
2022-03-16 12:08:00,-0.02011230540275577,0.021281647081857535
2022-03-16 12:09:00,-0.02011230540275577,0.020498742197017528
2022-03-16 12:10:00,-0.020155806398391762,0.021661261463732595
2022-03-16 12:11:00,-0.02028543820381168,0.02132914413211684
2022-03-16 12:12:00,-0.020198618173599248,0.021210473910508565
2022-03-16 12:13:00,-0.020134560060501072,0.021637512938603054
2022-03-16 12:14:00,-0.019820307016372718,0.02258680230743093
2022-03-16 12:15:00,-0.01933580718040462,0.022147671804651603
2022-03-16 12:16:00,-0.019450801515579208,0.0221594736631765
2022-03-16 12:17:00,-0.01901279978752135,0.02294245095205638
2022-03-16 12:18:00,-0.019311292886734055,0.024951952679037603
2022-03-16 12:19:00,-0.019354793882370047,0.025314986535746042
2022-03-16 12:20:00,-0.019823434257507322,0.025868949846012512
2022-03-16 12:21:00,-0.019118135690689098,0.027023215052164318
2022-03-16 12:22:00,-0.019415603208541854,0.02595554507788811
2022-03-16 12:23:00,-0.01925448145866393,0.02690454483055582
2022-03-16 12:24:00,-0.019700106287002583,0.0267859470129872
2022-03-16 12:25:00,-0.01939330601692202,0.027521427251607777
2022-03-16 12:26:00,-0.019347978258132947,0.02728415921243088
2022-03-16 12:27:00,-0.018899303007125834,0.027260483091341214
2022-03-16 12:28:00,-0.019262803030014042,0.027011340789599325
2022-03-16 12:29:00,-0.01912842879295351,0.02729603347499565
2022-03-16 12:30:00,-0.019964799547195433,0.026335159459762947
2022-03-16 12:31:00,-0.020196769380569468,0.025753899826405302
2022-03-16 12:32:00,-0.0202878069400787,0.025077718496568924
2022-03-16 12:33:00,-0.02034680829048152,0.025362700798125415
2022-03-16 12:34:00,-0.02034680829048152,0.025765774088970073
2022-03-16 12:35:00,-0.02034680829048152,0.025196316314137324
2022-03-16 12:36:00,-0.02034680829048152,0.025699089968102662
2022-03-16 12:37:00,-0.02034680829048152,0.02569460091762088
2022-03-16 12:38:00,-0.02034680829048152,0.026299609076108288
2022-03-16 12:39:00,-0.02034680829048152,0.02661985214515883
2022-03-16 12:40:00,-0.02034680829048152,0.026394458368546703
2022-03-16 12:41:00,-0.02034680829048152,0.02650125432759043
2022-03-16 12:42:00,-0.02034680829048152,0.02624023776328399
2022-03-16 12:43:00,-0.02034680829048152,0.026216561642194103
2022-03-16 12:44:00,-0.020463799810409578,0.026216561642194103
2022-03-16 12:45:00,-0.02034680829048152,0.0273079077375602
2022-03-16 12:46:00,-0.020166629076004083,0.027841742724698415
2022-03-16 12:47:00,-0.019953299283981374,0.028695820780887393
2022-03-16 12:48:00,-0.01959729113578801,0.02880261673993112
2022-03-16 12:49:00,-0.019464299249649097,0.029277080414244816
2022-03-16 12:50:00,-0.019251802492141756,0.029943776814837175
2022-03-16 12:51:00,-0.019496308088302605,0.02970419184637918
2022-03-16 12:52:00,-0.01941130614280706,0.029941387481516202
2022-03-16 12:53:00,-0.019294303464889473,0.030226152570952403
2022-03-16 12:54:00,-0.01889554839134211,0.030107482349344128
2022-03-16 12:55:00,-0.018815803670883202,0.030676940124176655
2022-03-16 12:56:00,-0.018597798681259103,0.031198900848749878
2022-03-16 12:57:00,-0.01880815138816838,0.031103979152271144
2022-03-16 12:58:00,-0.018730801725387547,0.031720789169283226
2022-03-16 12:59:00,-0.01873930516242983,0.03350019085705025
2022-03-18 06:30:00,-0.01873930516242983,0.038933317616828056
2022-03-18 06:31:00,-0.01873930516242983,0.038435105417384596
2022-03-18 06:32:00,-0.01873930516242983,0.03921801030222438
2022-03-18 06:33:00,-0.01873930516242983,0.03819783737820748
2022-03-18 06:34:00,-0.01873930516242983,0.03815041273198827
2022-03-18 06:35:00,-0.01873930516242983,0.03955020003788001
2022-03-18 06:36:00,-0.01873930516242983,0.04030942880163013
2022-03-18 06:37:00,-0.01873930516242983,0.03988210015737548
2022-03-18 06:38:00,-0.01873930516242983,0.03969254638057795
2022-03-18 06:39:00,-0.01873930516242983,0.03919433418113427
2022-03-18 06:40:00,-0.01873930516242983,0.038957066141957375
2022-03-18 06:41:00,-0.01873930516242983,0.039075663959525775
2022-03-18 06:42:00,-0.01873930516242983,0.0392652177363233
2022-03-18 06:43:00,-0.01873930516242983,0.039431529816271293
2022-03-18 06:44:00,-0.01873930516242983,0.0393603566449221
2022-03-18 06:45:00,-0.01873930516242983,0.0402145071051514
2022-03-18 06:46:00,-0.01873930516242983,0.039716294905707716
2022-03-18 06:47:00,-0.01873930516242983,0.03962137320922898
2022-03-18 06:48:00,-0.01873930516242983,0.04000098759110382
2022-03-18 06:49:00,-0.01873930516242983,0.040914364556077
2022-03-18 06:50:00,-0.01873930516242983,0.041519372714564184
2022-03-18 06:51:00,-0.01873930516242983,0.0411874725950685
2022-03-18 06:52:00,-0.01873930516242983,0.04067716892093998
2022-03-18 06:53:00,-0.01873930516242983,0.0399907786214595
2022-03-18 06:54:00,-0.01873930516242983,0.04004841223732325
2022-03-18 06:55:00,-0.01873930516242983,0.04054662443676693
2022-03-18 06:56:00,-0.01873930516242983,0.04052294831567749
2022-03-18 06:57:00,-0.01873930516242983,0.04011958540867244
2022-03-18 06:58:00,-0.01873930516242983,0.04045177514432807
2022-03-18 06:59:00,-0.019896428799629162,0.04163826014829297
2022-03-18 07:00:00,-0.021574826574325523,0.041993908792918644
2022-03-18 07:01:00,-0.01942157049179072,0.04246844487127244
2022-03-18 07:02:00,-0.020826800060272266,0.04242094782101313
2022-03-18 07:03:00,-0.021477800130844105,0.04294384979810695
2022-03-18 07:04:00,-0.020092547559738105,0.043369947573680845
2022-03-18 07:05:00,-0.01736890387535095,0.043322522927461415
2022-03-18 07:06:00,-0.018302658009529127,0.0434648692701598
2022-03-18 07:07:00,-0.013681870651245154,0.04353604244150877
2022-03-18 07:08:00,-0.016541028213501008,0.04351229391637901
2022-03-18 07:09:00,-0.016678510522842416,0.04408175169121198
2022-03-18 07:10:00,-0.014896649098396275,0.045196846311707395
2022-03-18 07:11:00,-0.015437517619133034,0.0449595782725305
2022-03-18 07:12:00,-0.011538387060165411,0.04541036582575453
2022-03-18 07:13:00,-0.01135695195198061,0.04437831863917285
2022-03-18 07:14:00,-0.013831569218635598,0.044069877428646764
2022-03-18 07:15:00,-0.013182443523407028,0.04393940534851337
2022-03-18 07:16:00,-0.011204408192634574,0.04320363549373285
2022-03-18 07:17:00,-0.0129889064311981,0.04322760123098246
2022-03-18 07:18:00,-0.014006643199920621,0.04258704268884084
2022-03-18 07:19:00,-0.016825096035003706,0.042942908545586134
2022-03-18 07:20:00,-0.014655793762207048,0.04237185788187303
2022-03-18 07:21:00,-0.012493970847129776,0.04239719929588337
2022-03-18 07:22:00,-0.0066974267244338526,0.04346486927015958
2022-03-18 07:23:00,-0.005486159944534275,0.04355979096663831
2022-03-18 07:24:00,-0.008032774066925041,0.04313275193854382
2022-03-18 07:25:00,-0.012789197039604239,0.043702137309336475
2022-03-18 07:26:00,-0.00989428970813755,0.04391565682338383
2022-03-18 07:27:00,-0.012496993684768642,0.043251349756112445
2022-03-18 07:28:00,-0.01027742331027981,0.04339369609881061
2022-03-18 07:29:00,-0.008797732973098715,0.043298774402331874
2022-03-18 07:30:00,-0.010401164484024061,0.043369947573680845
2022-03-18 07:31:00,-0.01008678185939793,0.04427152268012935
2022-03-18 07:32:00,-0.012687169027328471,0.0438207351269051
2022-03-18 07:33:00,-0.011628286695480328,0.04320392510989324
2022-03-18 07:34:00,-0.011480293607711745,0.042847986849107844
2022-03-18 07:35:00,-0.014540246152877856,0.04280056220288819
2022-03-18 07:36:00,-0.01635028557777407,0.04189898709643991
2022-03-18 07:37:00,-0.012482507133483867,0.041116082211600125
2022-03-18 07:38:00,-0.012194248390197782,0.04085506564729324
2022-03-18 07:39:00,-0.014819825649261431,0.0412346800291683
2022-03-18 07:40:00,-0.015120868206024207,0.04068904318350541
2022-03-18 07:41:00,-0.015113765335083018,0.04175664075374175
2022-03-18 07:42:00,-0.017495109462738023,0.041993908792918866
2022-03-18 07:43:00,-0.01782029094696047,0.04207695622683283
2022-03-18 07:44:00,-0.01782029094696047,0.04186343671278547
2022-03-18 07:45:00,-0.018735285711288463,0.0420294591765733
2022-03-18 07:46:00,-0.0159902839660645,0.042349774649664385
2022-03-18 07:47:00,-0.014343289899826028,0.04214074418609903
2022-03-18 07:48:00,-0.011465285110473622,0.04225485295318565
2022-03-18 07:49:00,-0.013932949388027138,0.04111608221160035
2022-03-18 07:50:00,-0.01595378261804581,0.041424523422126436
2022-03-18 07:51:00,-0.014376975464820863,0.04111608221160035
2022-03-18 07:52:00,-0.015149810147285447,0.04091436455607789
2022-03-18 07:53:00,-0.013567311656475067,0.041685467582393
2022-03-18 07:54:00,-0.014932310354709655,0.04189898709644013
2022-03-18 07:55:00,-0.015298938250541738,0.04208883048939782
2022-03-18 07:56:00,-0.014414607667923018,0.0427056405064099
2022-03-18 07:57:00,-0.0163992003321648,0.04288360963680282
2022-03-18 07:58:00,-0.015234780347347265,0.042397199295883814
2022-03-18 07:59:00,-0.016020150649547538,0.042729389031539444
2022-03-18 08:00:00,-0.016375980031490323,0.04367838878420738
2022-03-18 08:01:00,-0.01578400682210923,0.04365471266311771
2022-03-18 08:02:00,-0.015596170890331273,0.043797059005815875
2022-03-18 08:03:00,-0.01838112062215802,0.043797059005815875
2022-03-18 08:04:00,-0.017234284341335337,0.043963081469603704
2022-03-18 08:05:00,-0.01841448544263835,0.04363096413798795
2022-03-18 08:06:00,-0.0150123736262322,0.04427152268012957
2022-03-18 08:07:00,-0.016029375731945072,0.04462738853687509
2022-03-18 08:08:00,-0.018741861808300064,0.044722310233353824
2022-03-18 08:09:00,-0.015386376225948295,0.04444949181052227
2022-03-18 08:10:00,-0.0170368793845177,0.044176600983650616
2022-03-18 08:11:00,-0.018837656915187795,0.044508790719306246
2022-03-18 08:12:00,-0.016209380853176136,0.04488818788906146
2022-03-18 08:13:00,-0.018861156880855545,0.045077741665858984
2022-03-18 08:14:00,-0.020735380303859685,0.04408175169121198
2022-03-18 08:15:00,-0.019956138980388616,0.04422409803391014
2022-03-18 08:16:00,-0.020375208842754344,0.04332252292746164
2022-03-18 08:17:00,-0.016390876376628838,0.04351229391637901
2022-03-18 08:18:00,-0.014251371085643783,0.04379705900581565
2022-03-18 08:19:00,-0.021723726212978356,0.04453253924443601
2022-03-18 08:20:00,-0.021444448745250755,0.044034254640952675
2022-03-18 08:21:00,-0.019536396491527608,0.04358346708772842
2022-03-18 08:22:00,-0.020120443570613822,0.043298774402332096
2022-03-18 08:23:00,-0.019517560851573967,0.04346276955299899
2022-03-18 08:24:00,-0.021357599246501935,0.043488617795289786
2022-03-18 08:25:00,-0.02196048196554179,0.04339369609881083
2022-03-18 08:26:00,-0.021985598647594418,0.04287173537423761
2022-03-18 08:27:00,-0.021985598647594418,0.042681964385320015
2022-03-18 08:28:00,-0.021985598647594418,0.043061578767195074
2022-03-18 08:29:00,-0.021985598647594418,0.043180176584763696
2022-03-18 08:30:00,-0.021985598647594418,0.04401057851986301
2022-03-18 08:31:00,-0.021985598647594418,0.04405800316608244
2022-03-18 08:32:00,-0.021985598647594418,0.04424784655904013
2022-03-18 08:33:00,-0.021985598647594418,0.04448504219417693
2022-03-18 08:34:00,-0.023002842462062856,0.044295271205259334
2022-03-18 08:35:00,-0.023153140628337843,0.04417660098365084
2022-03-18 08:36:00,-0.023465075147151904,0.0454577904719744
2022-03-18 08:37:00,-0.02293615845441821,0.045291695604146476
2022-03-18 08:38:00,-0.023642129647731824,0.04538661730062521
2022-03-18 08:39:00,-0.0238546231150627,0.044793483404702794
2022-03-18 08:40:00,-0.02613668497800825,0.044105427812301645
2022-03-18 08:41:00,-0.025958721530437434,0.04384448365203486
2022-03-18 08:42:00,-0.025441137111187007,0.04429527120525911
2022-03-18 08:43:00,-0.02532780092954634,0.044366444376608305
2022-03-18 08:44:00,-0.02491662901639935,0.044010578519862786
2022-03-18 08:45:00,-0.023945130145549776,0.044437617547957275
2022-03-18 08:46:00,-0.024247115123271934,0.04422409803390992
2022-03-18 08:47:00,-0.025151122176647167,0.043678171572086866
2022-03-18 08:48:00,-0.025873627221584372,0.04339369609881061
2022-03-18 08:49:00,-0.025609032380580876,0.04351229391637901
2022-03-18 08:50:00,-0.025481141602992974,0.04360721561285774
2022-03-18 08:51:00,-0.025139124429225945,0.044129176337431186
2022-03-18 08:52:00,-0.024960888481140087,0.04415292486256095
2022-03-18 08:53:00,-0.025361134183406797,0.04409362595377675
2022-03-18 08:54:00,-0.02638282749652865,0.04204133343913785
2022-03-18 08:55:00,-0.02750463272333148,0.0429666570707159
2022-03-18 08:56:00,-0.02751933399438855,0.04310234224173137
2022-03-18 08:57:00,-0.02706710572242732,0.043512293916378786
2022-03-18 08:58:00,-0.025810627925396012,0.04379705900581543
2022-03-18 08:59:00,-0.026451131975650743,0.04377736510692731
2022-03-18 09:00:00,-0.02686235715150831,0.04315642805963371
2022-03-18 09:01:00,-0.02758213323354719,0.04371401157190147
2022-03-18 09:02:00,-0.02752421934604643,0.043322522927461415
2022-03-18 09:03:00,-0.025996227812767003,0.04389190829825407
2022-03-18 09:04:00,-0.024562222266197198,0.04408175169121176
2022-03-18 09:05:00,-0.025347379708290152,0.044508790719306024
2022-03-18 09:06:00,-0.02844404919147492,0.04379705900581543
2022-03-18 09:07:00,-0.028218726277351336,0.04429527120525889
2022-03-18 09:08:00,-0.028606725811958333,0.04425964841756436
2022-03-18 09:09:00,-0.028340729069709747,0.04399870425729757
2022-03-18 09:10:00,-0.028316719174385052,0.04415292486256073
2022-03-18 09:11:00,-0.028316719174385052,0.04389190829825407
2022-03-18 09:12:00,-0.028316719174385052,0.044176600983650394
2022-03-18 09:13:00,-0.028316719174385052,0.044461366073086594
2022-03-18 09:14:00,-0.028316719174385052,0.04448504219417626
2022-03-18 09:15:00,-0.028340215229988086,0.04512567314035798
2022-03-18 09:16:00,-0.02819922096729277,0.04517309778657741
2022-03-18 09:17:00,-0.027799716305732747,0.04550528752223326
2022-03-18 09:18:00,-0.027903408932685836,0.045362868775495
2022-03-18 09:19:00,-0.027804745793342578,0.045007002918749706
2022-03-18 09:20:00,-0.027829113125801053,0.04472231023335338
2022-03-18 09:21:00,-0.027578161358833286,0.044935829747400735
2022-03-18 09:22:00,-0.02729771282672877,0.04511379887779321
2022-03-18 09:23:00,-0.027399709820747353,0.045386617300624765
2022-03-18 09:24:00,-0.026581191372871404,0.045695058511150854
2022-03-18 09:25:00,-0.02652921593189239,0.04578998020762959
2022-03-18 09:26:00,-0.026929716992378228,0.045647633864931425
2022-03-18 09:27:00,-0.026551814770698567,0.04615938561986055
2022-03-18 09:28:00,-0.0268337130784988,0.04599162545911195
2022-03-18 09:29:00,-0.026992716717720078,0.04626444388194351
2022-03-18 09:30:00,-0.026637362599372882,0.04643053874977143
2022-03-18 09:31:00,-0.024545667243003888,0.04666780678894833
2022-03-18 09:32:00,-0.02397940104007723,0.04626444388194351
2022-03-18 09:33:00,-0.02319843153953549,0.04643053874977143
2022-03-18 09:34:00,-0.022671835803985574,0.046572885092469596
2022-03-18 09:35:00,-0.021885471749305774,0.04711859434217258
2022-03-18 09:36:00,-0.023663311433792078,0.046928750949215114
2022-03-18 09:37:00,-0.02293392974138264,0.04683390165677648
2022-03-18 09:38:00,-0.024469489002227784,0.047177893250957004
2022-03-18 09:39:00,-0.023894051456451404,0.04726094068487097
2022-03-18 09:40:00,-0.024130950844287846,0.04754563337026729
2022-03-18 09:41:00,-0.025440392601490003,0.0477710271468792
2022-03-18 09:42:00,-0.027341988778114334,0.04740328702756891
2022-03-18 09:43:00,-0.0266614664196968,0.04760493227905149
2022-03-18 09:44:00,-0.02466144026517869,0.047818451793098626
2022-03-18 09:45:00,-0.022146253502368873,0.04752217446129747
2022-03-18 09:46:00,-0.02281693397760387,0.04709484581704282
2022-03-18 09:47:00,-0.021754435503482772,0.046762728485427285
2022-03-18 09:48:00,-0.022102066004276222,0.046572885092469596
2022-03-18 09:49:00,-0.023506675446033465,0.04672710569773253
2022-03-18 09:50:00,-0.02201816419363023,0.04721322642249115
2022-03-18 09:51:00,-0.02139461494684214,0.047284689210000286
2022-03-18 09:52:00,-0.020756448113918302,0.047403287027568686
2022-03-18 09:53:00,-0.018514248049259163,0.04727281494743529
2022-03-18 09:54:00,-0.018130853426456484,0.04723719215974076
2022-03-18 09:55:00,-0.020180707371234896,0.04711859434217236
2022-03-18 09:56:00,-0.018746131050586645,0.0474113238760121
2022-03-18 09:57:00,-0.020942397582531025,0.0475930580164865
2022-03-18 09:58:00,-0.0208231616616249,0.04751008298661241
2022-03-18 09:59:00,-0.02114500406980513,0.04728794739180153
2022-03-18 10:00:00,-0.01803366588354116,0.047451218502068127
2022-03-18 10:01:00,-0.019556669628620127,0.04768797971296479
2022-03-18 10:02:00,-0.01956964336633682,0.04756938189539639
2022-03-18 10:03:00,-0.01966383897066115,0.04745071167378789
2022-03-18 10:04:00,-0.02127130106687547,0.04723719215974054
2022-03-18 10:05:00,-0.020911415731906913,0.046976247999473975
2022-03-18 10:06:00,-0.019965578234195758,0.047474460198917656
2022-03-18 10:07:00,-0.020960147452354416,0.047889624964447375
2022-03-18 10:08:00,-0.019758959603309645,0.04847095700184467
2022-03-18 10:09:00,-0.02094763913154607,0.04824556322523277
2022-03-18 10:10:00,-0.021473142766952558,0.04802016944862042
2022-03-18 10:11:00,-0.02210224716663356,0.04837603530536572
2022-03-18 10:12:00,-0.021142647159099526,0.048328321042986344
2022-03-18 10:13:00,-0.021608661389350914,0.04812689300362405
2022-03-18 10:14:00,-0.022343150722980543,0.04819806617497324
2022-03-18 10:15:00,-0.021701336431503293,0.047901499227012145
2022-03-18 10:16:00,-0.02172014479637141,0.04822253874050331
2022-03-18 10:17:00,-0.02172014479637141,0.048233688962668
2022-03-18 10:18:00,-0.021021145462989832,0.048162515791318805
2022-03-18 10:19:00,-0.02172014479637141,0.04766423118783525
2022-03-18 10:20:00,-0.02172713595628739,0.04797267239836134
2022-03-18 10:21:00,-0.02179004806280138,0.047830326055663175
2022-03-18 10:22:00,-0.021370645129680677,0.04828111360888743
2022-03-18 10:23:00,-0.021489478182792676,0.04862966665758983
2022-03-18 10:24:00,-0.02065113698244092,0.048518381648064546
2022-03-18 10:25:00,-0.021127149200439455,0.04870815263698214
2022-03-18 10:26:00,-0.020616645848751114,0.04866072799076271
2022-03-18 10:27:00,-0.01956814684867858,0.04899291772641856
2022-03-18 10:28:00,-0.01979882179498671,0.04915894019020639
2022-03-18 10:29:00,-0.0177066531538963,0.04932503505803432
2022-03-18 10:30:00,-0.017442650008201555,0.04906409089776753
2022-03-18 10:31:00,-0.01678630864620212,0.04892167215102927
2022-03-18 10:32:00,-0.017943627905845694,0.049016593847508005
2022-03-18 10:33:00,-0.018325561475753815,0.04921823909899037
2022-03-18 10:34:00,-0.018654025673866315,0.04941995675451305
2022-03-18 10:35:00,-0.019685246396064726,0.04927761041181489
2022-03-18 10:36:00,-0.018387653005123128,0.04906409089776753
2022-03-18 10:37:00,-0.020779457330703743,0.04918268871533593
2022-03-18 10:38:00,-0.022631421756744374,0.04905221663520254
2022-03-18 10:39:00,-0.02733678419589991,0.04893354641359404
2022-03-18 10:40:00,-0.027937247645854923,0.04869635077845702
2022-03-18 10:41:00,-0.028253750407695732,0.048459082739280124
2022-03-18 10:42:00,-0.02844175471067434,0.04854213017319431
2022-03-18 10:43:00,-0.028418249690532638,0.04868447651589247
2022-03-18 10:44:00,-0.028418249690532638,0.04866072799076271
2022-03-18 10:45:00,-0.028418249690532638,0.04858933760729367
2022-03-18 10:46:00,-0.028418249690532638,0.0487912000708961
2022-03-18 10:47:00,-0.028418249690532638,0.04899291772641834
2022-03-18 10:48:00,-0.028418249690532638,0.049016593847508005
2022-03-18 10:49:00,-0.028418249690532638,0.049040342372637546
2022-03-18 10:50:00,-0.028418249690532638,0.04895729493872358
2022-03-18 10:51:00,-0.028418249690532638,0.04894542067615881
2022-03-18 10:52:00,-0.028418249690532638,0.04879120007089588
2022-03-18 10:53:00,-0.028418249690532638,0.04887424750480962
2022-03-18 10:54:00,-0.028418249690532638,0.04885049897967986
2022-03-18 10:55:00,-0.028418249690532638,0.04877932580833089
2022-03-18 10:56:00,-0.028418249690532638,0.04889799602993916
2022-03-18 10:57:00,-0.028418249690532638,0.04901659384750756
2022-03-18 10:58:00,-0.028715979945659664,0.04839978383049548
2022-03-18 10:59:00,-0.02855239428281786,0.048755649687241
2022-03-18 11:00:00,-0.02851439341306683,0.04887120653512822
2022-03-18 11:01:00,-0.02851439341306683,0.04896916920128813
2022-03-18 11:02:00,-0.030064391934871648,0.0489335464135936
2022-03-18 11:03:00,-0.029907843673229184,0.048850498979679635
2022-03-18 11:04:00,-0.030219395482540157,0.04854444710247474
2022-03-18 11:05:00,-0.030374391639232612,0.048304862134016746
2022-03-18 11:06:00,-0.030374391639232612,0.04809155983208946
2022-03-18 11:07:00,-0.03169189223051072,0.04799642092349066
2022-03-18 11:08:00,-0.031429335486888865,0.04768797971296457
2022-03-18 11:09:00,-0.030735336148738912,0.047664231187834805
2022-03-18 11:10:00,-0.03107539466619491,0.04780237809621135
2022-03-18 11:11:00,-0.033504400622844654,0.04787782310592226
2022-03-18 11:12:00,-0.03315740095376973,0.04806759409483985
2022-03-18 11:13:00,-0.033504400622844654,0.048233688962667776
2022-03-18 11:14:00,-0.03211639367342001,0.048684476515891806
2022-03-18 11:15:00,-0.031595898306369774,0.04896916920128813
2022-03-18 11:16:00,-0.03107539466619491,0.04918268871533549
2022-03-18 11:17:00,-0.03141546145677565,0.049585762006180145
2022-03-18 11:18:00,-0.03086403578519825,0.04925386188668446
2022-03-18 11:19:00,-0.031283872377872446,0.04918247150321542
2022-03-18 11:20:00,-0.031719235503673504,0.049087767018856754
2022-03-18 11:21:00,-0.03224605113267898,0.048731901162111235
2022-03-18 11:22:00,-0.03286990059614181,0.04901659384750756
2022-03-18 11:23:00,-0.031917406785488156,0.04915850576596559
2022-03-18 11:24:00,-0.03338899608850476,0.04930128653290389
2022-03-18 11:25:00,-0.032821848618984184,0.048684476515891806
2022-03-18 11:26:00,-0.03511139577627187,0.04858955481941307
2022-03-18 11:27:00,-0.03546316660642623,0.04856580629428331
2022-03-18 11:28:00,-0.03358357681035995,0.04888612176737417
2022-03-18 11:29:00,-0.03282099145650863,0.0490996412814213
2022-03-18 11:30:00,-0.03412842117547987,0.048755649687240776
2022-03-18 11:31:00,-0.03505434819459918,0.04844720847671469
2022-03-18 11:32:00,-0.03552400037050252,0.04854213017319364
2022-03-18 11:33:00,-0.03335554715394973,0.048779325808330665
2022-03-18 11:34:00,-0.034721096479892744,0.049064090897766865
2022-03-18 11:35:00,-0.034128998005390154,0.04950300418842635
2022-03-18 11:36:00,-0.03443899770975112,0.05008426382178399
2022-03-18 11:37:00,-0.03580765124559404,0.05006051529665423
2022-03-18 11:38:00,-0.03598745151758198,0.049965593600175495
2022-03-18 11:39:00,-0.03542884970903393,0.049917951741836
2022-03-18 11:40:00,-0.035514499294757806,0.0500130906504348
2022-03-18 11:41:00,-0.03579266167879103,0.04930128653290389
2022-03-18 11:42:00,-0.03889400154352185,0.048672602253327035
2022-03-18 11:43:00,-0.03900758496522905,0.04894563788827866
2022-03-18 11:44:00,-0.03776217061281206,0.04879120007089566
2022-03-18 11:45:00,-0.03891519490480422,0.04923011336155492
2022-03-18 11:46:00,-0.03945769363641738,0.04932503505803387
2022-03-18 11:47:00,-0.03831134558916094,0.04920643724046547
2022-03-18 11:48:00,-0.0382377133488655,0.04954970479424592
2022-03-18 11:49:00,-0.03859618574380874,0.04938954705770038
2022-03-18 11:50:00,-0.03965668212175366,0.049823247257477554
2022-03-18 11:51:00,-0.04025748206377033,0.04992765388320053
2022-03-18 11:52:00,-0.040362087881565145,0.04965722479368995
2022-03-18 11:53:00,-0.040955723965168,0.04979957113638811
2022-03-18 11:54:00,-0.04098820630311961,0.049811372994912784
2022-03-18 11:55:00,-0.041039950954914084,0.04941995675451305
2022-03-18 11:56:00,-0.04092594834566121,0.04985887004517231
2022-03-18 11:57:00,-0.040945618999004396,0.049823247257477776
2022-03-18 11:58:00,-0.04040939544439315,0.04974019982356381
2022-03-18 11:59:00,-0.040916453564167066,0.049971313519338256
2022-03-18 12:00:00,-0.04133847273588176,0.049811372994913006
2022-03-18 12:01:00,-0.04105445128679275,0.05026216054813748
2022-03-18 12:02:00,-0.04048139678239826,0.0506062245463581
2022-03-18 12:03:00,-0.04092145186662677,0.050795995535275695
2022-03-18 12:04:00,-0.040992949187755534,0.05085529444406012
2022-03-18 12:05:00,-0.04284022289514544,0.05086716870662489
2022-03-18 12:06:00,-0.04288144909143443,0.050843492585535
2022-03-18 12:07:00,-0.04278645054101948,0.05091437614072403
2022-03-18 12:08:00,-0.04280374408960341,0.05100951504932283
2022-03-18 12:09:00,-0.042605955469608325,0.05150751003664644
2022-03-18 12:10:00,-0.04246345402002338,0.051863665509551904
2022-03-18 12:11:00,-0.04238745228052143,0.05197038906455553
2022-03-18 12:12:00,-0.04252045170068741,0.05131795625984892
2022-03-18 12:13:00,-0.04245395199060442,0.05168569637915921
2022-03-18 12:14:00,-0.04241595112085339,0.05188734163064179
2022-03-18 12:15:00,-0.04238555332422256,0.05195858720603086
2022-03-18 12:16:00,-0.04232095257043833,0.05205372611462966
2022-03-18 12:17:00,-0.04236788288354876,0.05202947076121989
2022-03-18 12:18:00,-0.04164595321416853,0.05207718502359948
2022-03-18 12:19:00,-0.04197170443534848,0.052599145748172704
2022-03-18 12:20:00,-0.04205920233726501,0.05245679940547454
2022-03-18 12:21:00,-0.044006123793125185,0.05276524061600063
2022-03-18 12:22:00,-0.04506631026268004,0.05290758695869879
2022-03-18 12:23:00,-0.0451387099385262,0.05321602816922488
2022-03-18 12:24:00,-0.04547896052598954,0.05323970429031477
2022-03-18 12:25:00,-0.04597020665407181,0.053832838186237186
2022-03-18 12:26:00,-0.04588107911348338,0.05359557014706007
2022-03-18 12:27:00,-0.04593489791154859,0.05342954768327224
2022-03-18 12:28:00,-0.045601649701595304,0.05353627123827609
2022-03-18 12:29:00,-0.04559257825613017,0.05347697232949167
2022-03-18 12:30:00,-0.045275909006595616,0.0536195358843099
2022-03-18 12:31:00,-0.04276849850416187,0.05433134000184081
2022-03-18 12:32:00,-0.04183012720346446,0.054888633897948624
2022-03-18 12:33:00,-0.04248414415121082,0.054829334989164424
2022-03-18 12:34:00,-0.04362552441358569,0.05525398468393794
2022-03-18 12:35:00,-0.04501684480905532,0.054165245134012885
2022-03-18 12:36:00,-0.045210631048679395,0.05366674331840926
2022-03-18 12:37:00,-0.05146762257814408,0.05312110647274637
2022-03-18 12:38:00,-0.05363596860170361,0.05350072085462165
2022-03-18 12:39:00,-0.05332751361131671,0.05284828804991504
2022-03-18 12:40:00,-0.05332751361131671,0.05278891673709074
2022-03-18 12:41:00,-0.05332751361131671,0.053714240368668786
2022-03-18 12:42:00,-0.05332751361131671,0.05399893305406511
2022-03-18 12:43:00,-0.05332751361131671,0.05463949159620696
2022-03-18 12:44:00,-0.05332751361131671,0.05473441329268569
2022-03-18 12:45:00,-0.05332751361131671,0.05435458169869056
2022-03-18 12:46:00,-0.05332751361131671,0.05454464230376832
2022-03-18 12:47:00,-0.05332751361131671,0.054758161817815676
2022-03-18 12:48:00,-0.05332751361131671,0.05473441329268591
2022-03-18 12:49:00,-0.05332751361131671,0.05418870404298293
2022-03-18 12:50:00,-0.05332751361131671,0.053951508407845905
2022-03-18 12:51:00,-0.05332751361131671,0.05338183342089309
2022-03-18 12:52:00,-0.05332751361131671,0.05329900319909919
2022-03-18 12:53:00,-0.05332751361131671,0.05348884659205688
2022-03-18 12:54:00,-0.05332751361131671,0.05417690218445825
2022-03-18 12:55:00,-0.05469151231050495,0.05484120925172942
2022-03-18 12:56:00,-0.05505297538042064,0.05492425668564338
2022-03-18 12:57:00,-0.055714519464969636,0.05418870404298293
2022-03-18 12:58:00,-0.05545876361131663,0.053927759882716364
2022-03-18 12:59:00,-0.05545876361131663,0.05452089377863878
2022-03-18 13:00:00,-0.05545876361131663,0.05463949159620718
